aargh,Leeds United
abandon,Leicester
abduct,Liverpool
abigail,Everton
abound,Leicester
abundant,Liverpool
abut,Liverpool
abysmal,Everton
act,Liverpool
acts,Liverpool
adamant,Liverpool
adjust,Liverpool
adjutant,Liverpool
ado,Leicester
afar,Leeds United
aft,Liverpool
agony,Leicester
ajar,Leeds United
album,Everton
albums,Everton
alibi,Everton
alibis,Everton
amazon,Leicester
among,Leicester
angst,Liverpool
annoy,Leicester
anon,Leicester
ant,Liverpool
ants,Liverpool
antsy,Liverpool
anybody,Leicester
anyhow,Leicester
anyways,Liverpool
applaud,Everton
approach,Leeds United
ar,Leeds United
arbor,Leeds United
arc,Leeds United
arch,Leeds United
arf,Leeds United
ark,Leeds United
arm,Leeds United
armor,Leeds United
armory,Leeds United
army,Leeds United
aroma,Leeds United
array,Leeds United
arrow,Leeds United
arroyo,Leeds United
asthma,Liverpool
at,Liverpool
att,Liverpool
attach,Liverpool
attack,Liverpool
attacks,Liverpool
aught,Liverpool
august,Liverpool
auld,Everton
aunt,Liverpool
aunts,Liverpool
autumn,Liverpool
avid,Bournemouth
awful,Everton
awfully,Everton
awry,Leeds United
baboon,Leicester
backhand,Liverpool
backpacks,Everton
backroom,Leeds United
backup,Everton
backups,Everton
badly,Everton
bail,Everton
bailiff,Everton
bailiffs,Everton
bails,Everton
bald,Everton
balk,Everton
ball,Everton
ballads,Everton
balls,Everton
ballsy,Everton
balm,Everton
bananas,Liverpool
bands,Liverpool
bandwagon,Leicester
bangs,Liverpool
banjo,Leicester
banks,Liverpool
bar,Leeds United
barb,Leeds United
barf,Leeds United
bark,Leeds United
barroom,Leeds United
barrow,Leeds United
bashful,Everton
basic,Everton
basically,Everton
basics,Everton
basil,Everton
basis,Everton
bat,Liverpool
batch,Liverpool
bath,Liverpool
baths,Liverpool
bathtub,Liverpool
batman,Liverpool
bats,Liverpool
batty,Liverpool
bawl,Everton
bayou,Leicester
bazaar,Leeds United
beckons,Fulham
becks,Fulham
bedbug,Aston Villa
bedridden,Fulham
bedrock,Fulham
beds,Fulham
bedside,Fulham
beech,Aston Villa
been,Fulham
beepers,Fulham
beeps,Fulham
beers,Fulham
bees,Fulham
beets,Fulham
begets,Fulham
begging,Fulham
begin,Fulham
beginner,Fulham
beginning,Fulham
beginnings,Fulham
begins,Fulham
begrudge,Aston Villa
begs,Fulham
being,Fulham
beings,Fulham
bel,Southampton
belie,Southampton
belief,Southampton
believe,Southampton
believed,Southampton
believer,Southampton
belive,Southampton
bell,Southampton
belle,Southampton
belly,Southampton
belvedere,Southampton
ben,Fulham
bend,Fulham
bended,Fulham
bender,Fulham
bending,Fulham
bends,Fulham
bendy,Fulham
bene,Fulham
benedict,Fulham
benes,Fulham
benign,Fulham
bennet,Fulham
benny,Fulham
bent,Fulham
beret,Fulham
berries,Fulham
berserk,Fulham
berserker,Fulham
beside,Fulham
besides,Fulham
besieged,Fulham
best,Fulham
bested,Fulham
bestow,Fulham
bestowed,Fulham
bet,Fulham
bets,Fulham
better,Fulham
betting,Fulham
between,Fulham
beyond,Fulham
bialy,Everton
bias,Everton
bible,Southampton
biblical,Everton
bickering,Fulham
bicuspids,Everton
bicycle,Southampton
bigamy,Everton
biggest,Fulham
bigmouth,Arsenal
bigness,Fulham
bikers,Fulham
bikes,Fulham
bikinis,Fulham
bilge,Southampton
billie,Southampton
bills,Everton
binder,Fulham
binds,Fulham
binge,Fulham
bins,Fulham
bionic,Fulham
biopsy,Fulham
bios,Fulham
birdies,Fulham
birds,Fulham
birdseed,Fulham
bison,Fulham
bistro,Fulham
bitch,Arsenal
bitchy,Arsenal
bite,Fulham
bites,Fulham
bits,Fulham
bitsy,Fulham
bitten,Fulham
bitter,Fulham
bitterness,Fulham
blab,Everton
black,Everton
blackjack,Everton
blackmail,Everton
blacks,Everton
blah,Everton
blam,Everton
bled,Southampton
bleed,Southampton
bleeder,Southampton
blew,Southampton
blimp,Everton
blip,Everton
blips,Everton
bliss,Everton
blissful,Everton
blissfully,Everton
bloc,West Ham United
block,West Ham United
blood,Manchester City
blowup,Manchester City
bluffs,Everton
blush,Everton
boar,Leeds United
bodies,Fulham
bogs,Fulham
bold,Manchester City
bonded,Fulham
bonds,Fulham
bone,Fulham
boned,Fulham
boner,Fulham
boners,Fulham
bones,Fulham
bongos,Fulham
bonkers,Fulham
bonnet,Fulham
bonnie,Fulham
boobies,Fulham
boobs,Fulham
booger,Fulham
boogey,Fulham
boogie,Fulham
booked,Fulham
bookends,Fulham
booker,Fulham
bookie,Fulham
bookkeeper,Fulham
bookman,Leicester
bookmark,Leeds United
books,Fulham
bookstore,Fulham
boonies,Fulham
boost,Fulham
boosted,Fulham
booster,Fulham
boosters,Fulham
boosts,Fulham
booted,Fulham
booth,Arsenal
booties,Fulham
boots,Fulham
booze,Fulham
boozer,Fulham
bora,Leeds United
border,Fulham
bordering,Fulham
borders,Fulham
bore,Fulham
bored,Fulham
borrowed,Fulham
boss,Fulham
bossed,Fulham
bosses,Fulham
bossing,Fulham
bossy,Fulham
boston,Fulham
both,Arsenal
bought,Arsenal
bounty,Chelsea
bourbon,Chelsea
bowed,Fulham
bowers,Fulham
bowery,Fulham
bowman,Leicester
bows,Fulham
boxcar,Leeds United
boxed,Fulham
boxer,Fulham
boxers,Fulham
boxes,Fulham
boys,Fulham
boysenberry,Fulham
bozos,Fulham
bra,Leeds United
brag,Leeds United
brava,Leeds United
bravo,Leeds United
breech,Aston Villa
breeding,Fulham
breeds,Fulham
breezing,Fulham
bren,Fulham
brent,Fulham
brewing,Fulham
brews,Fulham
bribes,Fulham
bricks,Fulham
brides,Fulham
bridges,Fulham
brief,Southampton
briefed,Southampton
briefly,Southampton
brill,Southampton
brim,Chelsea
brings,Fulham
bris,Fulham
brisket,Fulham
broke,Fulham
broken,Fulham
broker,Fulham
bronco,Fulham
bronze,Fulham
bronzed,Fulham
brooch,Leeds United
brooks,Fulham
bros,Fulham
brownie,Fulham
brownies,Fulham
brownout,Chelsea
browns,Fulham
brownstone,Fulham
browse,Fulham
browsing,Fulham
brunt,Chelsea
bucko,Arsenal
budge,Aston Villa
buffer,Aston Villa
bugged,Aston Villa
bugger,Aston Villa
buggered,Aston Villa
build,Everton
builds,Everton
buildup,Everton
bulbs,Everton
bulimic,Everton
bulldog,Manchester City
bulls,Everton
bummed,Aston Villa
bummer,Aston Villa
bumped,Aston Villa
bumper,Aston Villa
bumping,Chelsea
bumps,Everton
bunch,Liverpool
bunks,Liverpool
buns,Liverpool
bunting,Chelsea
burger,Aston Villa
burgundy,Chelsea
burke,Aston Villa
burn,Chelsea
burning,Chelsea
burnout,Chelsea
burnt,Chelsea
burping,Chelsea
burrito,Chelsea
burro,Chelsea
burton,Chelsea
burying,Chelsea
bust,Liverpool
busts,Liverpool
busty,Liverpool
buts,Liverpool
butting,Chelsea
button,Chelsea
buttoning,Chelsea
butts,Liverpool
buyer,Aston Villa
buying,Chelsea
buzzed,Aston Villa
buzzer,Aston Villa
byes,Fulham
bygones,Fulham
bylaws,Everton
bypass,Everton
cactus,Liverpool
cadmium,Everton
camshaft,Liverpool
can,Liverpool
canasta,Liverpool
candy,Liverpool
cans,Liverpool
cant,Liverpool
capo,Leeds United
car,Leeds United
caramba,Leeds United
carb,Leeds United
carbo,Leeds United
cargo,Leeds United
carp,Leeds United
carr,Leeds United
carry,Leeds United
cast,Liverpool
casts,Liverpool
cat,Liverpool
catch,Liverpool
catchy,Liverpool
cats,Liverpool
catty,Liverpool
caught,Liverpool
cayman,Liverpool
caymans,Liverpool
celery,Southampton
cell,Southampton
celled,Southampton
censor,Fulham
cent,Fulham
center,Fulham
centered,Fulham
centerpiece,Fulham
centerpieces,Fulham
centers,Fulham
centre,Fulham
centred,Fulham
cents,Fulham
cerebrum,Aston Villa
chang,Liverpool
chant,Liverpool
chants,Liverpool
charm,Leeds United
chat,Liverpool
chatty,Liverpool
check,Aston Villa
checked,Aston Villa
checker,Aston Villa
checkered,Aston Villa
checkup,Aston Villa
cheek,Aston Villa
cheep,Aston Villa
cheer,Aston Villa
cheered,Aston Villa
cheery,Aston Villa
chef,Aston Villa
cheque,Aston Villa
cherry,Aston Villa
cherub,Aston Villa
chew,Aston Villa
chewed,Aston Villa
chewy,Aston Villa
chez,Aston Villa
chico,Arsenal
child,Everton
childish,Everton
chit,Arsenal
chlamydia,Everton
chucked,Aston Villa
chunk,Liverpool
chunks,Liverpool
chunky,Liverpool
church,Aston Villa
cicely,Southampton
cinder,Fulham
circle,Southampton
circled,Southampton
cite,Fulham
cited,Fulham
cities,Fulham
citing,Fulham
citizen,Fulham
citizens,Fulham
citywide,Fulham
civilized,Southampton
civvies,Fulham
clef,Southampton
clergy,Southampton
clerk,Southampton
clever,Southampton
cleverly,Southampton
clicked,Southampton
clicker,Southampton
climb,Everton
clock,West Ham United
clop,West Ham United
clubs,Everton
coach,Leeds United
coax,Leeds United
cobra,Leeds United
cobweb,Fulham
cobwebs,Fulham
coca,Leeds United
cocked,Fulham
cockney,Fulham
cockroach,Leeds United
cocoa,Leeds United
cocoon,Fulham
code,Fulham
coded,Fulham
codependent,Fulham
codes,Fulham
coding,Fulham
coed,Fulham
coeds,Fulham
coerce,Fulham
coerced,Fulham
coercion,Fulham
coexist,Fulham
coin,Fulham
coincide,Fulham
coincidence,Fulham
coincidences,Fulham
coins,Fulham
coke,Fulham
cokes,Fulham
col,West Ham United
color,West Ham United
coma,Leeds United
comic,Arsenal
comma,Leeds United
commit,Arsenal
commodity,Arsenal
con,Fulham
concede,Fulham
conceding,Fulham
conceited,Fulham
conceive,Fulham
conceived,Fulham
conceiving,Fulham
concentric,Fulham
concept,Fulham
conception,Fulham
concepts,Fulham
concern,Fulham
concerned,Fulham
concerning,Fulham
concerns,Fulham
concert,Fulham
concerts,Fulham
concession,Fulham
concessions,Fulham
concierge,Fulham
concise,Fulham
concocted,Fulham
concocting,Fulham
concoction,Fulham
concord,Fulham
concrete,Fulham
condensed,Fulham
condescending,Fulham
condition,Fulham
conditioned,Fulham
conditioner,Fulham
conditioners,Fulham
conditioning,Fulham
conditions,Fulham
condo,Fulham
condone,Fulham
condoned,Fulham
condoning,Fulham
condor,Fulham
condos,Fulham
cone,Fulham
cones,Fulham
coney,Fulham
congestion,Fulham
congress,Fulham
conk,Fulham
conked,Fulham
conn,Fulham
connect,Fulham
connected,Fulham
connecting,Fulham
connection,Fulham
connections,Fulham
connects,Fulham
conned,Fulham
conner,Fulham
conning,Fulham
conniption,Fulham
conniving,Fulham
cons,Fulham
conscience,Fulham
consent,Fulham
consented,Fulham
consenting,Fulham
conserve,Fulham
consider,Fulham
considered,Fulham
considering,Fulham
considers,Fulham
consisted,Fulham
consistent,Fulham
consists,Fulham
consort,Fulham
consorting,Fulham
conspire,Fulham
conspired,Fulham
conspiring,Fulham
constrictor,Fulham
contender,Fulham
contenders,Fulham
content,Fulham
contented,Fulham
contention,Fulham
contents,Fulham
contest,Fulham
contesting,Fulham
context,Fulham
continent,Fulham
continents,Fulham
contingencies,Fulham
contingency,Fulham
contortionist,Fulham
contrite,Fulham
contrived,Fulham
controversy,Fulham
convene,Fulham
convened,Fulham
convenes,Fulham
convenience,Fulham
convenient,Fulham
convent,Fulham
convention,Fulham
converge,Fulham
converging,Fulham
converse,Fulham
conversion,Fulham
convert,Fulham
converted,Fulham
converting,Fulham
convey,Fulham
conveyor,Fulham
convict,Fulham
convicted,Fulham
conviction,Fulham
convictions,Fulham
convince,Fulham
convinced,Fulham
convinces,Fulham
convincing,Fulham
convoy,Fulham
cooing,Fulham
cookbooks,Fulham
cooked,Fulham
cooker,Fulham
cookie,Fulham
cookies,Fulham
cooking,Fulham
cooks,Fulham
cool,West Ham United
coolly,West Ham United
coon,Fulham
cooped,Fulham
cooper,Fulham
coopers,Fulham
cooties,Fulham
cope,Fulham
copied,Fulham
copier,Fulham
copies,Fulham
coping,Fulham
copper,Fulham
coppers,Fulham
copping,Fulham
cops,Fulham
copter,Fulham
copying,Fulham
cord,Fulham
cordon,Fulham
cordoned,Fulham
cords,Fulham
core,Fulham
corker,Fulham
corks,Fulham
corkscrew,Fulham
corn,Fulham
corned,Fulham
corner,Fulham
cornered,Fulham
cornering,Fulham
corners,Fulham
cornerstone,Fulham
corny,Fulham
coroner,Fulham
coroners,Fulham
corps,Fulham
corpse,Fulham
corpses,Fulham
correct,Fulham
corrected,Fulham
correcting,Fulham
correction,Fulham
corrections,Fulham
corrective,Fulham
correspond,Fulham
corresponded,Fulham
correspondence,Fulham
correspondent,Fulham
correspondents,Fulham
corresponding,Fulham
corresponds,Fulham
corridor,Fulham
corset,Fulham
cortex,Fulham
cos,Fulham
cosign,Fulham
cost,Fulham
costing,Fulham
costs,Fulham
cosy,Fulham
cots,Fulham
cotton,Fulham
couch,Arsenal
cough,Arsenal
coup,Arsenal
cove,Fulham
coven,Fulham
cover,Fulham
covered,Fulham
covering,Fulham
covers,Fulham
covert,Fulham
covet,Fulham
coveted,Fulham
coveting,Fulham
cowboys,Fulham
cowed,Fulham
cower,Fulham
cowering,Fulham
coworker,Fulham
cows,Fulham
coyote,Fulham
coyotes,Fulham
cozier,Fulham
cozying,Fulham
crab,Leeds United
crabby,Leeds United
crack,Leeds United
cram,Leeds United
cramp,Leeds United
crap,Leeds United
crappy,Leeds United
crazy,Leeds United
credence,Fulham
credible,Southampton
credit,Fulham
credited,Fulham
credits,Fulham
credo,Fulham
creeds,Fulham
creepers,Fulham
creeping,Fulham
creeps,Fulham
creme,Aston Villa
crepes,Fulham
crept,Fulham
crescent,Fulham
crest,Fulham
crested,Fulham
cretins,Fulham
crews,Fulham
cribs,Fulham
cricket,Fulham
cries,Fulham
cringe,Fulham
cripes,Fulham
cris,Fulham
crises,Fulham
crisis,Fulham
crisp,Fulham
crisps,Fulham
crispy,Fulham
criterion,Fulham
critic,Fulham
criticize,Fulham
criticized,Fulham
criticizing,Fulham
critics,Fulham
critter,Fulham
critters,Fulham
croak,Leeds United
crocket,Fulham
cronies,Fulham
crooked,Fulham
crooks,Fulham
croon,Fulham
cropped,Fulham
crops,Fulham
cross,Fulham
crossbow,Fulham
crossed,Fulham
crosses,Fulham
crossing,Fulham
crossword,Fulham
crowbar,Leeds United
crowd,Fulham
crowded,Fulham
crowding,Fulham
crowds,Fulham
crowed,Fulham
crowing,Fulham
crown,Fulham
crowned,Fulham
crowning,Fulham
crowns,Fulham
crows,Fulham
crud,Aston Villa
cruddy,Aston Villa
crude,Aston Villa
crumb,Aston Villa
crummy,Aston Villa
crux,Aston Villa
crying,Fulham
cryogenic,Fulham
crypt,Fulham
cryptic,Fulham
crypto,Fulham
crypts,Fulham
cube,Aston Villa
cubed,Aston Villa
cuckoo,Arsenal
cucumber,Aston Villa
cue,Aston Villa
cued,Aston Villa
cuffed,Aston Villa
cunt,Liverpool
cunts,Liverpool
cur,Aston Villa
curb,Aston Villa
curd,Aston Villa
cure,Aston Villa
cured,Aston Villa
curfew,Aston Villa
curry,Aston Villa
cutaway,Liverpool
cutbacks,Liverpool
cutoff,Arsenal
cutout,Arsenal
cuts,Liverpool
cybernetic,Fulham
cycle,Southampton
cymbal,Everton
cynic,Fulham
cynics,Fulham
cypher,Aston Villa
cypress,Fulham
cystic,Fulham
daft,Liverpool
dago,Leicester
dahl,Everton
dahlia,Everton
data,Liverpool
debit,Fulham
debrief,Southampton
debriefed,Southampton
debris,Fulham
debt,Fulham
debts,Fulham
deceit,Fulham
deceiving,Fulham
decency,Fulham
decent,Fulham
deception,Fulham
deceptions,Fulham
deceptive,Fulham
decibel,Southampton
decides,Fulham
deciding,Fulham
decision,Fulham
decisions,Fulham
decisive,Fulham
decks,Fulham
deco,Fulham
decoded,Fulham
decoder,Fulham
decor,Fulham
decoy,Fulham
decoys,Fulham
decrypted,Fulham
decryption,Fulham
deduce,Aston Villa
deeds,Fulham
deem,Aston Villa
deemed,Aston Villa
deepest,Fulham
deets,Fulham
defied,Southampton
degrees,Fulham
deigned,Fulham
deities,Fulham
deity,Fulham
del,Southampton
deli,Southampton
deliver,Southampton
delivered,Southampton
delivery,Southampton
dell,Southampton
delly,Southampton
delve,Southampton
demur,Aston Villa
demure,Aston Villa
den,Fulham
denied,Fulham
denies,Fulham
denning,Fulham
dense,Fulham
density,Fulham
dent,Fulham
dentist,Fulham
dentists,Fulham
dents,Fulham
deny,Fulham
denying,Fulham
depend,Fulham
depended,Fulham
dependency,Fulham
dependent,Fulham
depending,Fulham
depends,Fulham
depict,Fulham
depicted,Fulham
depicting,Fulham
depiction,Fulham
depicts,Fulham
deport,Fulham
deported,Fulham
depose,Fulham
deposed,Fulham
deposing,Fulham
deposit,Fulham
deposited,Fulham
deposition,Fulham
depositions,Fulham
depository,Fulham
deposits,Fulham
depot,Fulham
depress,Fulham
depressed,Fulham
depressing,Fulham
depression,Fulham
depressor,Fulham
depressors,Fulham
deprive,Fulham
deprived,Fulham
depriving,Fulham
derision,Fulham
derives,Fulham
derris,Fulham
descend,Fulham
descending,Fulham
descends,Fulham
descent,Fulham
describe,Fulham
described,Fulham
describes,Fulham
describing,Fulham
description,Fulham
descriptive,Fulham
desert,Fulham
deserted,Fulham
deserter,Fulham
deserting,Fulham
deserts,Fulham
deserve,Fulham
deserved,Fulham
deserves,Fulham
deserving,Fulham
design,Fulham
designed,Fulham
designer,Fulham
designers,Fulham
designing,Fulham
designs,Fulham
desire,Fulham
desired,Fulham
desires,Fulham
desist,Fulham
desk,Fulham
desks,Fulham
desktop,Fulham
despise,Fulham
despised,Fulham
despises,Fulham
despising,Fulham
despite,Fulham
despondent,Fulham
dessert,Fulham
desserts,Fulham
destined,Fulham
destiny,Fulham
destroy,Fulham
destroyed,Fulham
destroyer,Fulham
destroyers,Fulham
destroying,Fulham
destroys,Fulham
detect,Fulham
detected,Fulham
detecting,Fulham
detection,Fulham
detective,Fulham
detectives,Fulham
detector,Fulham
detectors,Fulham
detente,Fulham
detention,Fulham
detergent,Fulham
deterrent,Fulham
detest,Fulham
detests,Fulham
detoxing,Fulham
deuce,Aston Villa
devices,Fulham
devil,Southampton
deviled,Southampton
devise,Fulham
devised,Fulham
devon,Fulham
devote,Fulham
devoted,Fulham
devoting,Fulham
devotion,Fulham
dickens,Fulham
dicking,Fulham
dies,Fulham
diet,Fulham
dieter,Fulham
dieting,Fulham
diets,Fulham
differ,Southampton
digest,Fulham
digested,Fulham
digesting,Fulham
digestion,Fulham
digestive,Fulham
diggers,Fulham
digits,Fulham
dignify,Chelsea
digress,Fulham
dimly,Everton
dine,Fulham
dined,Fulham
diner,Fulham
dinero,Fulham
diners,Fulham
dinged,Fulham
dings,Fulham
dinks,Fulham
dinner,Fulham
dinners,Fulham
dioxide,Fulham
dipped,Fulham
dipstick,Fulham
direct,Fulham
directed,Fulham
directing,Fulham
direction,Fulham
directions,Fulham
directive,Fulham
director,Fulham
directors,Fulham
directory,Fulham
dirtiest,Fulham
discerning,Fulham
disco,Fulham
disconnect,Fulham
disconnected,Fulham
discontent,Fulham
discord,Fulham
discover,Fulham
discovered,Fulham
discoveries,Fulham
discovering,Fulham
discovers,Fulham
discovery,Fulham
discredit,Fulham
discreet,Fulham
discrete,Fulham
discretion,Fulham
discus,Everton
discuss,Everton
dish,Everton
dismal,Everton
dismay,Everton
dismiss,Everton
dismissal,Everton
disobedience,Fulham
disobey,Fulham
disobeyed,Fulham
disobeying,Fulham
disorder,Fulham
disorders,Fulham
disoriented,Fulham
disorienting,Fulham
disown,Fulham
disowned,Fulham
dispense,Fulham
dispensed,Fulham
dispenser,Fulham
dispensers,Fulham
dispensing,Fulham
disperse,Fulham
dispose,Fulham
disposing,Fulham
disposition,Fulham
disprove,Fulham
disqualify,Everton
disrespect,Fulham
disrespected,Fulham
disrespecting,Fulham
dissect,Fulham
dissected,Fulham
dissection,Fulham
dissed,Fulham
dissent,Fulham
disservice,Fulham
dissident,Fulham
dissing,Fulham
distended,Fulham
distinct,Fulham
distinction,Fulham
distinctions,Fulham
distinctive,Fulham
distort,Fulham
distorted,Fulham
distortion,Fulham
distortions,Fulham
distress,Fulham
distressed,Fulham
distressing,Fulham
district,Fulham
districts,Fulham
ditch,Arsenal
ditsy,Fulham
diva,Bournemouth
divas,Bournemouth
divers,Fulham
diversion,Fulham
diversions,Fulham
divert,Fulham
diverted,Fulham
diverting,Fulham
dives,Fulham
divest,Fulham
dividends,Fulham
divine,Fulham
division,Fulham
divisions,Fulham
divorce,Fulham
divorced,Fulham
divorcee,Fulham
divorces,Fulham
divorcing,Fulham
dizziness,Fulham
dobbins,Fulham
dobson,Fulham
docked,Fulham
docking,Fulham
docks,Fulham
docs,Fulham
doctor,Fulham
doctored,Fulham
doctors,Fulham
doctrine,Fulham
dodge,Fulham
dodged,Fulham
dodger,Fulham
dodgers,Fulham
doe,Fulham
doer,Fulham
does,Fulham
dogged,Fulham
doggie,Fulham
doggies,Fulham
doggone,Fulham
dogs,Fulham
dol,Manchester City
doll,Manchester City
dollop,Manchester City
done,Fulham
dongs,Fulham
donkey,Fulham
donkeys,Fulham
donna,Leicester
donors,Fulham
donut,Chelsea
doorknobs,Fulham
doors,Fulham
doorstep,Fulham
dope,Fulham
dopes,Fulham
dopey,Fulham
dorm,Chelsea
dormitory,Chelsea
dos,Fulham
dose,Fulham
dosed,Fulham
doses,Fulham
dossier,Fulham
dost,Fulham
dote,Fulham
dotes,Fulham
doth,Arsenal
dots,Fulham
dotted,Fulham
doubting,Chelsea
dour,Chelsea
dove,Fulham
doves,Fulham
downed,Fulham
downer,Fulham
downpour,Chelsea
downriver,Fulham
downs,Fulham
downside,Fulham
downsize,Fulham
downsizing,Fulham
downtrodden,Fulham
dowser,Fulham
doze,Fulham
dozed,Fulham
dozen,Fulham
dozens,Fulham
dozer,Fulham
dredging,Fulham
dregs,Fulham
dreidel,Southampton
dress,Fulham
dressed,Fulham
dresser,Fulham
dresses,Fulham
dressing,Fulham
dressings,Fulham
dressy,Fulham
dribble,Southampton
dries,Fulham
drift,Chelsea
drifting,Chelsea
driftwood,Chelsea
drill,Southampton
drilled,Southampton
drinker,Fulham
drinkers,Fulham
drinks,Fulham
dripped,Fulham
drips,Fulham
drivel,Southampton
driven,Fulham
drivers,Fulham
drives,Fulham
drone,Fulham
drones,Fulham
dropout,Chelsea
dropped,Fulham
dropper,Fulham
droppings,Fulham
drops,Fulham
drove,Fulham
droves,Fulham
drowned,Fulham
drowsy,Fulham
drudge,Aston Villa
drugged,Aston Villa
drugging,Chelsea
drummed,Aston Villa
drummer,Aston Villa
drumming,Chelsea
drunk,Chelsea
dryers,Fulham
dual,Everton
dubbed,Aston Villa
duce,Aston Villa
ducked,Aston Villa
ducts,Liverpool
dude,Aston Villa
due,Aston Villa
duke,Aston Villa
dumber,Aston Villa
dumped,Aston Villa
dumper,Aston Villa
dumping,Chelsea
dumps,Everton
dunks,Liverpool
duped,Aston Villa
during,Chelsea
dust,Liverpool
dusty,Liverpool
dwell,Southampton
dweller,Southampton
dyeing,Fulham
dykes,Fulham
dynamo,Leicester
dynasty,Liverpool
dysentery,Fulham
ebony,Fulham
eccentric,Fulham
eccentricities,Fulham
ectopic,Fulham
edges,Fulham
edgewise,Fulham
edging,Fulham
edible,Southampton
edict,Fulham
edit,Fulham
edited,Fulham
editing,Fulham
edition,Fulham
editor,Fulham
editors,Fulham
edits,Fulham
eel,Southampton
eerily,Southampton
egging,Fulham
eggnog,Fulham
eggs,Fulham
ego,Fulham
egocentric,Fulham
egos,Fulham
eh,Aston Villa
einstein,Fulham
eject,Fulham
ejection,Fulham
eking,Fulham
el,Southampton
elder,Southampton
elderly,Southampton
elf,Southampton
eligible,Southampton
elixir,Southampton
elk,Southampton
ell,Southampton
em,Aston Villa
embedded,Aston Villa
ember,Aston Villa
emerge,Aston Villa
emerged,Aston Villa
emery,Aston Villa
en,Fulham
encoded,Fulham
encore,Fulham
encrypted,Fulham
encryption,Fulham
end,Fulham
ended,Fulham
ending,Fulham
endings,Fulham
endive,Fulham
endorse,Fulham
endorsing,Fulham
ends,Fulham
energized,Fulham
energy,Fulham
eng,Fulham
engine,Fulham
engineer,Fulham
engineered,Fulham
engineering,Fulham
engineers,Fulham
engines,Fulham
engrossed,Fulham
engrossing,Fulham
enjoy,Fulham
enjoyed,Fulham
enjoying,Fulham
enjoys,Fulham
ensconced,Fulham
ensign,Fulham
enter,Fulham
entered,Fulham
entering,Fulham
enterprise,Fulham
enterprises,Fulham
enterprising,Fulham
enters,Fulham
entice,Fulham
enticed,Fulham
entire,Fulham
entirety,Fulham
entities,Fulham
entity,Fulham
entree,Fulham
entries,Fulham
entry,Fulham
entwined,Fulham
envied,Fulham
envision,Fulham
envisioned,Fulham
envoy,Fulham
envy,Fulham
epic,Fulham
episode,Fulham
episodes,Fulham
epizootics,Fulham
epoxy,Fulham
erect,Fulham
erection,Fulham
ergo,Fulham
erode,Fulham
eroding,Fulham
eros,Fulham
erosion,Fulham
erotic,Fulham
error,Fulham
errors,Fulham
ers,Fulham
es,Fulham
escort,Fulham
escorted,Fulham
escorts,Fulham
esoteric,Fulham
espresso,Fulham
espressos,Fulham
ess,Fulham
essence,Fulham
ester,Fulham
estrogen,Fulham
et,Fulham
eternity,Fulham
even,Fulham
evening,Fulham
evenings,Fulham
evens,Fulham
event,Fulham
events,Fulham
everybody,Fulham
everyone,Fulham
eves,Fulham
evict,Fulham
evicted,Fulham
evidence,Fulham
evidenced,Fulham
evident,Fulham
evil,Southampton
evoked,Fulham
exceeding,Fulham
exceeds,Fulham
excel,Southampton
except,Fulham
excepted,Fulham
exception,Fulham
exceptions,Fulham
excess,Fulham
excesses,Fulham
excessive,Fulham
excite,Fulham
excited,Fulham
excites,Fulham
exciting,Fulham
execs,Fulham
exercise,Fulham
exercises,Fulham
exercising,Fulham
exerting,Fulham
exertion,Fulham
exes,Fulham
exhume,Aston Villa
exhumed,Aston Villa
exigent,Fulham
exile,Southampton
exiled,Southampton
exist,Fulham
existed,Fulham
existence,Fulham
existent,Fulham
existing,Fulham
exists,Fulham
exit,Fulham
exited,Fulham
exiting,Fulham
exits,Fulham
exorcise,Fulham
exorcist,Fulham
exotic,Fulham
expect,Fulham
expected,Fulham
expecting,Fulham
expects,Fulham
expedient,Fulham
expedite,Fulham
expedited,Fulham
expedition,Fulham
expense,Fulham
expenses,Fulham
expensive,Fulham
experience,Fulham
experienced,Fulham
experiences,Fulham
experiencing,Fulham
expert,Fulham
expertise,Fulham
experts,Fulham
expired,Fulham
expires,Fulham
export,Fulham
exporter,Fulham
exporting,Fulham
exports,Fulham
expose,Fulham
exposed,Fulham
exposes,Fulham
exposing,Fulham
express,Fulham
expressed,Fulham
expresses,Fulham
expressing,Fulham
expression,Fulham
expressions,Fulham
expressive,Fulham
extend,Fulham
extended,Fulham
extending,Fulham
extension,Fulham
extensions,Fulham
extensive,Fulham
extent,Fulham
exterior,Fulham
extinct,Fulham
extinction,Fulham
extort,Fulham
extorted,Fulham
extorting,Fulham
extortion,Fulham
extortionist,Fulham
eyebrow,Fulham
eyebrows,Fulham
eyeing,Fulham
eyes,Fulham
eyesore,Fulham
eyewitness,Fulham
eyewitnesses,Fulham
fact,Liverpool
facts,Liverpool
fallback,Everton
familial,Everton
family,Everton
fancy,Liverpool
fangs,Liverpool
fans,Liverpool
fantasy,Liverpool
far,Leeds United
faraway,Leeds United
farm,Leeds United
farrow,Leeds United
fascism,Everton
fast,Liverpool
fat,Liverpool
fatty,Liverpool
favor,Leeds United
feeble,Southampton
feel,Southampton
fell,Southampton
feller,Southampton
femme,Aston Villa
femur,Aston Villa
feud,Aston Villa
fever,Southampton
fibber,Southampton
fiber,Southampton
fibre,Southampton
fickle,Southampton
ficus,Everton
fiddle,Southampton
fiddler,Southampton
field,Southampton
fielder,Southampton
fierce,Southampton
fiery,Southampton
fife,Southampton
fifth,Arsenal
fight,Arsenal
figuring,Chelsea
file,Southampton
filed,Southampton
filled,Southampton
filler,Southampton
film,Everton
films,Everton
fire,Southampton
firebird,Southampton
fired,Southampton
firing,Chelsea
firm,Chelsea
fish,Everton
fishy,Everton
fitch,Arsenal
fitting,Chelsea
five,Southampton
fiver,Southampton
fixed,Southampton
fixer,Southampton
fizzle,Southampton
fizzled,Southampton
flagship,Everton
flash,Everton
flashback,Everton
flashbacks,Everton
flashy,Everton
fled,Southampton
fledged,Southampton
flee,Southampton
fleece,Southampton
flew,Southampton
flex,Southampton
flexible,Southampton
flicked,Southampton
flicker,Southampton
flier,Southampton
flimsy,Everton
flock,West Ham United
flood,Manchester City
floor,West Ham United
fluffy,Everton
fluid,Everton
fluids,Everton
flush,Everton
flyer,Southampton
fold,Manchester City
font,Chelsea
foolproof,West Ham United
footing,Chelsea
footwork,Chelsea
foray,Leeds United
forbid,Chelsea
forbidding,Chelsea
ford,Chelsea
forging,Chelsea
forgiving,Chelsea
forgot,Chelsea
forming,Chelsea
fort,Chelsea
forty,Chelsea
forum,Chelsea
fought,Arsenal
foul,Manchester City
four,Chelsea
fray,Leeds United
freckle,Southampton
freebie,Southampton
freely,Southampton
fridge,Southampton
fried,Southampton
frigging,Chelsea
fritz,Chelsea
front,Chelsea
fronting,Chelsea
froufrou,Chelsea
frown,Chelsea
fruit,Chelsea
fruition,Chelsea
fruity,Chelsea
frying,Chelsea
fuchsia,Everton
fucked,Aston Villa
fucker,Aston Villa
fudge,Aston Villa
fudged,Aston Villa
fugue,Aston Villa
fuhrer,Aston Villa
fulfil,Everton
fulfill,Everton
fully,Everton
funds,Liverpool
fungus,Liverpool
fusilli,Everton
futon,Chelsea
gamut,Liverpool
gangs,Liverpool
gar,Leeds United
garb,Leeds United
gat,Liverpool
gazpacho,Leeds United
gecko,Fulham
geeks,Fulham
gees,Fulham
geese,Fulham
geezers,Fulham
gel,Southampton
gem,Aston Villa
gen,Fulham
gender,Fulham
gene,Fulham
generic,Fulham
generosity,Fulham
genes,Fulham
genesis,Fulham
genetic,Fulham
geneticist,Fulham
genetics,Fulham
genie,Fulham
genre,Fulham
gents,Fulham
gerbil,Southampton
germ,Aston Villa
get,Fulham
gets,Fulham
getter,Fulham
getting,Fulham
geyser,Fulham
gibbons,Fulham
gibson,Fulham
giggle,Southampton
gilded,Southampton
gimbal,Everton
ginger,Fulham
ginseng,Fulham
girl,Southampton
girlie,Southampton
girly,Southampton
gist,Fulham
given,Fulham
givens,Fulham
givers,Fulham
gives,Fulham
glee,Southampton
glide,Southampton
glory,West Ham United
gnat,Liverpool
gnats,Liverpool
goad,Leicester
gobs,Fulham
goddam,Leicester
goddamn,Leicester
goddess,Fulham
goddesses,Fulham
gods,Fulham
godsend,Fulham
godson,Fulham
goers,Fulham
goes,Fulham
goiter,Fulham
gold,Manchester City
gone,Fulham
goner,Fulham
goners,Fulham
goober,Fulham
goobers,Fulham
goodbye,Fulham
goodbyes,Fulham
goodie,Fulham
goodies,Fulham
goodman,Leicester
goodness,Fulham
goods,Fulham
gooey,Fulham
gooney,Fulham
goonie,Fulham
goonies,Fulham
goons,Fulham
goose,Fulham
gore,Fulham
gorge,Fulham
gossip,Fulham
gossiping,Fulham
gossips,Fulham
gothic,Arsenal
gotten,Fulham
gourd,Chelsea
governed,Fulham
governess,Fulham
governing,Fulham
governor,Fulham
gowns,Fulham
grab,Leeds United
grabby,Leeds United
graham,Leeds United
gram,Leeds United
grammar,Leeds United
gravy,Leeds United
gray,Leeds United
green,Fulham
greener,Fulham
greens,Fulham
greet,Fulham
greeting,Fulham
greetings,Fulham
greets,Fulham
griddle,Southampton
grief,Southampton
grieves,Fulham
grieving,Fulham
griffin,Chelsea
grift,Chelsea
grill,Southampton
grilled,Southampton
grim,Chelsea
grinder,Fulham
grinds,Fulham
grindstone,Fulham
grins,Fulham
gripe,Fulham
gripes,Fulham
grips,Fulham
grits,Fulham
grizzly,Southampton
grocer,Fulham
groceries,Fulham
grocery,Fulham
grooming,Chelsea
groove,Fulham
grope,Fulham
groped,Fulham
gross,Fulham
grossed,Fulham
grosser,Fulham
grosses,Fulham
grossing,Fulham
ground,Chelsea
grounding,Chelsea
groundwork,Chelsea
group,Chelsea
grouping,Chelsea
grove,Fulham
groves,Fulham
growers,Fulham
grownup,Chelsea
grows,Fulham
grubbing,Chelsea
grudge,Aston Villa
grudging,Chelsea
grungy,Chelsea
grunt,Chelsea
guild,Everton
gumption,Chelsea
gunpoint,Chelsea
guns,Liverpool
guts,Liverpool
gutting,Chelsea
gypsies,Fulham
hackman,Liverpool
half,Everton
halfback,Everton
halfway,Everton
hammock,Leeds United
handbags,Liverpool
handbook,Leicester
handcuffs,Liverpool
handguns,Liverpool
handoff,Leicester
hands,Liverpool
handstand,Liverpool
hangs,Liverpool
hanks,Liverpool
harbor,Leeds United
harm,Leeds United
harp,Leeds United
harpy,Leeds United
harry,Leeds United
hast,Liverpool
hasty,Liverpool
hat,Liverpool
hatch,Liverpool
hatchback,Liverpool
hath,Liverpool
hats,Liverpool
haughty,Liverpool
haunt,Liverpool
haunts,Liverpool
havoc,Leeds United
haycock,Leeds United
haystack,Liverpool
he,Aston Villa
heck,Aston Villa
hedge,Aston Villa
heed,Aston Villa
heh,Aston Villa
hem,Aston Villa
hemp,Aston Villa
hep,Aston Villa
her,Aston Villa
herb,Aston Villa
herd,Aston Villa
here,Aston Villa
hereby,Aston Villa
hex,Aston Villa
hey,Aston Villa
hibiscus,Everton
hiding,Crystal Palace
highball,Everton
hiking,Crystal Palace
hillbilly,Everton
hind,Crystal Palace
hippo,Arsenal
hit,Arsenal
hitch,Arsenal
hobbit,Arsenal
hogan,Leicester
hogging,Crystal Palace
homing,Crystal Palace
homophobic,Arsenal
honda,Leicester
honky,Leicester
hooking,Crystal Palace
hooray,Leeds United
hoot,Arsenal
hora,Leeds United
hot,Arsenal
hotdog,Arsenal
hounding,Crystal Palace
hubcaps,Everton
hue,Aston Villa
huffed,Aston Villa
huffing,Crystal Palace
huge,Aston Villa
hugged,Aston Villa
hugger,Aston Villa
hugging,Crystal Palace
humans,Liverpool
humbly,Everton
humidity,Arsenal
hummed,Aston Villa
hummer,Aston Villa
humming,Crystal Palace
humpback,Everton
humped,Aston Villa
hunch,Liverpool
hunchback,Liverpool
hunks,Liverpool
huns,Liverpool
hunt,Liverpool
hurry,Aston Villa
husband,Liverpool
husbands,Liverpool
huts,Liverpool
hymns,Liverpool
hype,Aston Villa
hyped,Aston Villa
hyper,Aston Villa
iambic,Everton
icebergs,Fulham
icebox,Fulham
icicle,Southampton
icing,Fulham
icon,Fulham
icons,Fulham
identities,Fulham
identity,Fulham
idiots,Fulham
idle,Southampton
ignite,Fulham
ignited,Fulham
ignore,Fulham
ignored,Fulham
ignores,Fulham
illegible,Southampton
immunity,Chelsea
import,Chelsea
importing,Chelsea
impound,Chelsea
imprint,Chelsea
impromptu,Chelsea
improving,Chelsea
impunity,Chelsea
inbred,Fulham
inbreeding,Fulham
incense,Fulham
incensed,Fulham
incentive,Fulham
incentives,Fulham
inception,Fulham
incest,Fulham
incidence,Fulham
incident,Fulham
incidents,Fulham
incision,Fulham
incite,Fulham
incognito,Fulham
inconsistencies,Fulham
inconsistent,Fulham
inconvenience,Fulham
inconveniencing,Fulham
inconvenient,Fulham
incorrect,Fulham
indebted,Fulham
indecent,Fulham
indecision,Fulham
indeed,Fulham
independence,Fulham
independent,Fulham
index,Fulham
indict,Fulham
indicted,Fulham
indie,Fulham
indies,Fulham
indigestion,Fulham
indignities,Fulham
indiscreet,Fulham
indiscretion,Fulham
indiscretions,Fulham
indoors,Fulham
inept,Fulham
inexpensive,Fulham
inexperience,Fulham
inexperienced,Fulham
infinity,Chelsea
inform,Chelsea
informing,Chelsea
ingest,Fulham
ingested,Fulham
ingredient,Fulham
ingredients,Fulham
inject,Fulham
injected,Fulham
injection,Fulham
injections,Fulham
injector,Fulham
injury,Chelsea
inner,Fulham
innings,Fulham
innkeeper,Fulham
innocence,Fulham
innocent,Fulham
innocents,Fulham
input,Chelsea
inquiry,Chelsea
ins,Fulham
inscription,Fulham
insect,Fulham
insects,Fulham
insensitive,Fulham
insensitivity,Fulham
insert,Fulham
insertion,Fulham
inside,Fulham
insider,Fulham
insides,Fulham
insincere,Fulham
insipid,Fulham
insist,Fulham
insisted,Fulham
insistence,Fulham
insistent,Fulham
insisting,Fulham
insists,Fulham
inspect,Fulham
inspected,Fulham
inspecting,Fulham
inspection,Fulham
inspections,Fulham
inspector,Fulham
inspectors,Fulham
inspire,Fulham
inspired,Fulham
inspires,Fulham
inspiring,Fulham
instep,Fulham
instinct,Fulham
instincts,Fulham
integrity,Fulham
intend,Fulham
intended,Fulham
intending,Fulham
intends,Fulham
intense,Fulham
intensity,Fulham
intensive,Fulham
intent,Fulham
intention,Fulham
intentions,Fulham
inter,Fulham
intercede,Fulham
intercept,Fulham
intercepted,Fulham
intercepting,Fulham
interest,Fulham
interested,Fulham
interesting,Fulham
interests,Fulham
interior,Fulham
interject,Fulham
intern,Fulham
interning,Fulham
internist,Fulham
interns,Fulham
interpret,Fulham
interpreted,Fulham
interpreter,Fulham
interpreting,Fulham
interpretive,Fulham
intersection,Fulham
intertwined,Fulham
intervene,Fulham
intervened,Fulham
intervening,Fulham
intervention,Fulham
interview,Fulham
interviewed,Fulham
interviewer,Fulham
interviewing,Fulham
interviews,Fulham
intestines,Fulham
intriguing,Chelsea
intros,Fulham
intruding,Chelsea
intuition,Chelsea
invent,Fulham
invented,Fulham
invention,Fulham
inventions,Fulham
inventive,Fulham
inventory,Fulham
inverted,Fulham
invest,Fulham
invested,Fulham
investing,Fulham
investors,Fulham
invite,Fulham
invited,Fulham
invites,Fulham
invoice,Fulham
invoices,Fulham
invoke,Fulham
invoked,Fulham
ions,Fulham
iris,Fulham
ironed,Fulham
ironic,Fulham
ironies,Fulham
irons,Fulham
isotopes,Fulham
itch,Arsenal
itchy,Arsenal
its,Fulham
ivories,Fulham
japan,Leicester
jar,Leeds United
jaunt,Liverpool
jeepers,Fulham
jeeps,Fulham
jell,Southampton
jelly,Southampton
jenny,Fulham
jerkin,Fulham
jerking,Fulham
jerks,Fulham
jerries,Fulham
jersey,Fulham
jerseys,Fulham
jess,Fulham
jesse,Fulham
jest,Fulham
jester,Fulham
jet,Fulham
jets,Fulham
jettison,Fulham
jewel,Southampton
jeweler,Southampton
jewellery,Southampton
jewelry,Southampton
jews,Fulham
jezebel,Southampton
jiggle,Southampton
jihad,Everton
jiminy,Chelsea
jitters,Fulham
jittery,Fulham
jobs,Fulham
jockey,Fulham
jockeys,Fulham
jocks,Fulham
joe,Fulham
joes,Fulham
joey,Fulham
jogger,Fulham
johnny,Leicester
joined,Fulham
joiner,Fulham
joins,Fulham
joints,Fulham
joke,Fulham
joked,Fulham
joker,Fulham
jokers,Fulham
jokes,Fulham
jones,Fulham
jotted,Fulham
joys,Fulham
joystick,Fulham
judge,Aston Villa
judged,Aston Villa
judicial,Everton
juke,Aston Villa
jumped,Aston Villa
jumper,Aston Villa
jumping,Chelsea
junior,Chelsea
juror,Chelsea
just,Liverpool
kaon,Leicester
karma,Leeds United
kat,Liverpool
keel,Southampton
keeled,Southampton
keen,Fulham
keepers,Fulham
keeping,Fulham
keeps,Fulham
kegs,Fulham
keister,Fulham
kelly,Southampton
ken,Fulham
kendo,Fulham
keno,Fulham
kent,Fulham
kept,Fulham
kern,Fulham
kerosene,Fulham
keynote,Fulham
keys,Fulham
keystone,Fulham
kibble,Southampton
kickback,Everton
kickbacks,Everton
kickboxing,Fulham
kicking,Fulham
kiddies,Fulham
kidney,Fulham
kidneys,Fulham
killed,Southampton
killer,Southampton
kinder,Fulham
kindest,Fulham
kindness,Fulham
kinds,Fulham
kings,Fulham
kins,Fulham
kiosk,Fulham
kissed,Fulham
kisser,Fulham
kisses,Fulham
kissing,Fulham
kite,Fulham
kites,Fulham
kitten,Fulham
kittens,Fulham
kitties,Fulham
knack,Liverpool
knee,Fulham
kneed,Fulham
knees,Fulham
knew,Fulham
knickers,Fulham
knitted,Fulham
knives,Fulham
knobs,Fulham
knock,Fulham
knockdown,Fulham
knocked,Fulham
knocker,Fulham
knockers,Fulham
knocking,Fulham
knocks,Fulham
knots,Fulham
knotted,Fulham
knows,Fulham
kooks,Fulham
koss,Fulham
kris,Fulham
kroner,Fulham
lab,Everton
labs,Everton
ladyship,Everton
lamb,Everton
lambda,Everton
lambs,Everton
lavish,Brentford
lawful,Everton
lawfully,Everton
led,Southampton
ledge,Southampton
ledger,Southampton
lee,Southampton
leery,Southampton
leg,Southampton
legged,Southampton
leggy,Southampton
lei,Southampton
levee,Southampton
level,Southampton
lever,Southampton
levy,Southampton
lewd,Southampton
lex,Southampton
lez,Southampton
libel,Southampton
lice,Southampton
licked,Southampton
licker,Southampton
lie,Southampton
lied,Southampton
liege,Southampton
lier,Southampton
life,Southampton
lifelike,Southampton
lifer,Southampton
like,Southampton
liked,Southampton
likely,Southampton
limb,Everton
limbs,Everton
liquid,Everton
live,Southampton
lived,Southampton
lively,Southampton
liver,Southampton
lock,West Ham United
loco,West Ham United
lorry,West Ham United
loud,Manchester City
lowly,Manchester United
lucid,Everton
lullaby,Everton
lye,Southampton
macadamia,Everton
macho,Leeds United
madly,Everton
madonna,Leicester
madwoman,Leicester
mafia,Everton
maharajah,Leeds United
mahatma,Liverpool
maid,Everton
maids,Everton
major,Leeds United
manhattan,Liverpool
manhood,Leicester
manhunt,Liverpool
mano,Leicester
mar,Leeds United
marc,Leeds United
march,Leeds United
mark,Leeds United
marrow,Leeds United
marry,Leeds United
mat,Liverpool
match,Liverpool
math,Liverpool
mats,Liverpool
matt,Liverpool
matzah,Liverpool
mavis,Brentford
mayor,Leeds United
me,Aston Villa
med,Aston Villa
member,Aston Villa
mercer,Aston Villa
mercury,Aston Villa
mercy,Aston Villa
mere,Aston Villa
merger,Aston Villa
merry,Aston Villa
mew,Aston Villa
midtown,Chelsea
midway,Everton
might,Arsenal
mighty,Arsenal
mild,Everton
mildly,Everton
minor,Chelsea
minority,Chelsea
mint,Chelsea
minty,Chelsea
mirror,Chelsea
moan,Leicester
mocha,Leeds United
modicum,Arsenal
monitor,Chelsea
monitoring,Chelsea
monogamy,Leicester
moping,Chelsea
mopping,Chelsea
morbid,Chelsea
morn,Chelsea
morning,Chelsea
morocco,Leeds United
moron,Chelsea
mort,Chelsea
mortifying,Chelsea
moth,Arsenal
motion,Chelsea
motor,Chelsea
mount,Chelsea
mounting,Chelsea
mourn,Chelsea
mourning,Chelsea
mouth,Arsenal
mouthy,Arsenal
mugged,Aston Villa
mugger,Aston Villa
munch,Liverpool
murder,Aston Villa
murdered,Aston Villa
murderer,Aston Villa
murphy,Aston Villa
must,Liverpool
mustang,Liverpool
mustangs,Liverpool
mutant,Liverpool
mutants,Liverpool
mutiny,Chelsea
mutton,Chelsea
mythic,Arsenal
myths,Liverpool
nancy,Liverpool
nap,Leicester
nappy,Leicester
nasty,Liverpool
natty,Liverpool
naught,Liverpool
naughty,Liverpool
navy,Leicester
ne,Fulham
necessity,Fulham
neck,Fulham
necking,Fulham
necks,Fulham
necrosis,Fulham
nee,Fulham
need,Fulham
needed,Fulham
neediness,Fulham
needing,Fulham
needs,Fulham
needy,Fulham
neon,Fulham
nerd,Fulham
nerds,Fulham
nerdy,Fulham
nerve,Fulham
nerves,Fulham
ness,Fulham
nest,Fulham
net,Fulham
network,Fulham
networking,Fulham
networks,Fulham
neve,Fulham
never,Fulham
new,Fulham
newborn,Fulham
newborns,Fulham
newest,Fulham
news,Fulham
newt,Fulham
newton,Fulham
next,Fulham
nice,Fulham
nicer,Fulham
nicest,Fulham
niceties,Fulham
nick,Fulham
nicked,Fulham
nicks,Fulham
nicotine,Fulham
niece,Fulham
nieces,Fulham
nifty,Chelsea
nigger,Fulham
niggers,Fulham
nigh,Crystal Palace
nimrod,Chelsea
nine,Fulham
nines,Fulham
nineteen,Fulham
nineties,Fulham
ninety,Fulham
nipped,Fulham
nipper,Fulham
nite,Fulham
nitrogen,Fulham
nixed,Fulham
nobodies,Fulham
nodded,Fulham
node,Fulham
nodes,Fulham
nods,Fulham
noise,Fulham
noises,Fulham
noisy,Fulham
nomad,Leicester
none,Fulham
nonexistent,Fulham
nonsense,Fulham
nonstop,Fulham
noose,Fulham
nope,Fulham
nordic,Fulham
norm,Chelsea
nos,Fulham
nose,Fulham
nosed,Fulham
nosedive,Fulham
noses,Fulham
nosey,Fulham
nosing,Fulham
nosy,Fulham
note,Fulham
notebook,Fulham
noted,Fulham
notes,Fulham
notice,Fulham
noticed,Fulham
notices,Fulham
noticing,Fulham
notify,Chelsea
notions,Fulham
nova,Leicester
nudity,Chelsea
nuns,Liverpool
nurturing,Chelsea
nutrition,Chelsea
nuts,Liverpool
nymph,Leicester
nympho,Leicester
oar,Leeds United
obese,Fulham
obey,Fulham
obeyed,Fulham
obeying,Fulham
obits,Fulham
object,Fulham
objected,Fulham
objecting,Fulham
objection,Fulham
objections,Fulham
objective,Fulham
objectives,Fulham
objectivity,Fulham
objects,Fulham
oboe,Fulham
obscene,Fulham
obscenities,Fulham
obscenity,Fulham
observe,Fulham
observed,Fulham
observer,Fulham
observers,Fulham
observing,Fulham
obsess,Fulham
obsessed,Fulham
obsessing,Fulham
obsession,Fulham
obsessions,Fulham
obsessive,Fulham
occupy,Arsenal
oddest,Fulham
odds,Fulham
ode,Fulham
odyssey,Fulham
ogre,Fulham
ogres,Fulham
okeydokey,Fulham
okra,Leeds United
old,Manchester City
once,Fulham
one,Fulham
ones,Fulham
onions,Fulham
oops,Fulham
ooze,Fulham
open,Fulham
opened,Fulham
opener,Fulham
openers,Fulham
opening,Fulham
openings,Fulham
openness,Fulham
opens,Fulham
opinions,Fulham
opponent,Fulham
opponents,Fulham
opportunity,Chelsea
oppose,Fulham
opposed,Fulham
opposing,Fulham
opposite,Fulham
opposites,Fulham
opposition,Fulham
oppress,Fulham
oppression,Fulham
oppressive,Fulham
ops,Fulham
opted,Fulham
options,Fulham
orbed,Fulham
orbs,Fulham
order,Fulham
ordered,Fulham
ordering,Fulham
orders,Fulham
ore,Fulham
orgies,Fulham
oriented,Fulham
orienteering,Fulham
origins,Fulham
ornery,Fulham
os,Fulham
ose,Fulham
otter,Fulham
ouch,Arsenal
ought,Arsenal
our,Chelsea
outbound,Chelsea
outdoor,Chelsea
outgoing,Chelsea
outgrow,Chelsea
outgrown,Chelsea
outing,Chelsea
outpouring,Chelsea
outrun,Chelsea
oven,Fulham
over,Fulham
overbite,Fulham
overcooked,Fulham
overcrowded,Fulham
overdid,Fulham
overdo,Fulham
overdone,Fulham
overdose,Fulham
overdosed,Fulham
overdressed,Fulham
overdrive,Fulham
overexcited,Fulham
overgrown,Fulham
overjoyed,Fulham
overpower,Fulham
overpriced,Fulham
overprotective,Fulham
override,Fulham
oversee,Fulham
overseeing,Fulham
oversensitive,Fulham
oversized,Fulham
overstep,Fulham
overstepping,Fulham
overstress,Fulham
overtired,Fulham
overview,Fulham
overworked,Fulham
owe,Fulham
owed,Fulham
owes,Fulham
owned,Fulham
owner,Fulham
owners,Fulham
owns,Fulham
oxen,Fulham
oxford,Chelsea
oxygen,Fulham
oxymoron,Chelsea
oyez,Fulham
oyster,Fulham
oysters,Fulham
ozone,Fulham
pagan,Leicester
pan,Leicester
panama,Leicester
panda,Leicester
par,Leeds United
para,Leeds United
paragraph,Leeds United
park,Leeds United
parka,Leeds United
parkway,Leeds United
pawn,Leicester
peckers,Fulham
pecking,Fulham
pecks,Fulham
pecs,Fulham
pedigree,Fulham
pedro,Fulham
peeing,Fulham
peeking,Fulham
peeks,Fulham
peepers,Fulham
peeping,Fulham
peeps,Fulham
peering,Fulham
peers,Fulham
pees,Fulham
peeved,Fulham
peignoir,Fulham
pen,Fulham
pence,Fulham
pending,Fulham
penis,Fulham
penises,Fulham
penne,Fulham
penned,Fulham
pennies,Fulham
penny,Fulham
pens,Fulham
pension,Fulham
pensioners,Fulham
pensions,Fulham
peon,Fulham
pepperoni,Fulham
peppers,Fulham
perceive,Fulham
perceived,Fulham
percent,Fulham
perception,Fulham
perceptions,Fulham
perceptive,Fulham
perch,Aston Villa
perched,Aston Villa
perfume,Aston Villa
perfumed,Aston Villa
period,Fulham
periodic,Fulham
periods,Fulham
periscope,Fulham
perjure,Aston Villa
perjured,Aston Villa
perjury,Aston Villa
perks,Fulham
perm,Aston Villa
peroxide,Fulham
persist,Fulham
persistence,Fulham
persistent,Fulham
persists,Fulham
persnickety,Fulham
person,Fulham
persons,Fulham
perspective,Fulham
perspectives,Fulham
pertinent,Fulham
perverse,Fulham
perversion,Fulham
pervert,Fulham
perverted,Fulham
perverts,Fulham
pesky,Fulham
pesos,Fulham
pest,Fulham
pester,Fulham
pestering,Fulham
pesticides,Fulham
pesto,Fulham
pests,Fulham
pet,Fulham
peter,Fulham
peters,Fulham
petit,Fulham
petite,Fulham
petition,Fulham
petitioner,Fulham
petitioning,Fulham
pets,Fulham
petting,Fulham
petty,Fulham
pewter,Fulham
pharaoh,Leeds United
pharmacy,Leeds United
phew,Aston Villa
phobic,Arsenal
phony,Leicester
photo,Arsenal
photocopy,Arsenal
picked,Fulham
picker,Fulham
picket,Fulham
picketing,Fulham
picking,Fulham
pickings,Fulham
pickpocket,Fulham
pickpockets,Fulham
picnic,Fulham
picnics,Fulham
pie,Fulham
piece,Fulham
pieced,Fulham
pieces,Fulham
piecing,Fulham
pied,Fulham
pier,Fulham
pierce,Fulham
pierced,Fulham
piercing,Fulham
pies,Fulham
pigeon,Fulham
pigeons,Fulham
piggies,Fulham
piggyback,Everton
pigskin,Fulham
pigsty,Fulham
pike,Fulham
pimping,Chelsea
pine,Fulham
pinecone,Fulham
pines,Fulham
pinkie,Fulham
pinks,Fulham
pinned,Fulham
pinpointed,Fulham
pins,Fulham
pints,Fulham
pioneer,Fulham
pipe,Fulham
piper,Fulham
pipes,Fulham
pissed,Fulham
pisses,Fulham
pissing,Fulham
piston,Fulham
pistons,Fulham
pitch,Arsenal
pithy,Arsenal
pitied,Fulham
pits,Fulham
pitted,Fulham
pixie,Fulham
pixies,Fulham
playful,Everton
poach,Leeds United
pocket,Fulham
pocketbook,Fulham
pocketed,Fulham
pockets,Fulham
pods,Fulham
poet,Fulham
poetic,Fulham
poetry,Fulham
poets,Fulham
pointe,Fulham
pointed,Fulham
pointer,Fulham
pointers,Fulham
points,Fulham
poise,Fulham
poised,Fulham
poison,Fulham
poisoned,Fulham
poisoning,Fulham
poisons,Fulham
poke,Fulham
poked,Fulham
poker,Fulham
pokes,Fulham
pokey,Fulham
pollock,West Ham United
ponder,Fulham
ponds,Fulham
ponies,Fulham
pooped,Fulham
poorer,Fulham
poorest,Fulham
poorly,West Ham United
popcorn,Fulham
pope,Fulham
popped,Fulham
popper,Fulham
poppers,Fulham
poppet,Fulham
poppies,Fulham
pops,Fulham
porch,Leeds United
pore,Fulham
pores,Fulham
pornos,Fulham
porridge,Fulham
portent,Fulham
porter,Fulham
portions,Fulham
ports,Fulham
pose,Fulham
posed,Fulham
poser,Fulham
poses,Fulham
posies,Fulham
posing,Fulham
position,Fulham
positioned,Fulham
positioning,Fulham
positions,Fulham
positive,Fulham
positives,Fulham
posse,Fulham
posses,Fulham
possess,Fulham
possessed,Fulham
possesses,Fulham
possessing,Fulham
possession,Fulham
possessions,Fulham
possessive,Fulham
post,Fulham
posted,Fulham
poster,Fulham
posterior,Fulham
posters,Fulham
posting,Fulham
postpone,Fulham
postponed,Fulham
postponing,Fulham
posts,Fulham
potency,Fulham
potent,Fulham
potions,Fulham
pots,Fulham
potsie,Fulham
potted,Fulham
potter,Fulham
pottery,Fulham
pouch,Arsenal
pounding,Chelsea
pour,Chelsea
pouring,Chelsea
pouting,Chelsea
poverty,Fulham
powder,Fulham
powdered,Fulham
powders,Fulham
power,Fulham
powered,Fulham
powering,Fulham
powers,Fulham
pram,Leeds United
pray,Leeds United
precedence,Fulham
precedent,Fulham
precedents,Fulham
preceding,Fulham
precinct,Fulham
precipice,Fulham
precise,Fulham
precision,Fulham
preconceived,Fulham
predecessor,Fulham
predecessors,Fulham
predict,Fulham
predicted,Fulham
predicting,Fulham
predictions,Fulham
predisposed,Fulham
predisposition,Fulham
prednisone,Fulham
prefer,Aston Villa
preferred,Aston Villa
premed,Aston Villa
preppie,Fulham
prepping,Fulham
prescribe,Fulham
prescribed,Fulham
prescribes,Fulham
prescribing,Fulham
prescription,Fulham
prescriptions,Fulham
presence,Fulham
present,Fulham
presented,Fulham
presenting,Fulham
presents,Fulham
preserve,Fulham
preserved,Fulham
preserver,Fulham
preserves,Fulham
presets,Fulham
preside,Fulham
presided,Fulham
presidency,Fulham
president,Fulham
presidents,Fulham
presiding,Fulham
press,Fulham
pressed,Fulham
presses,Fulham
pressing,Fulham
prestige,Fulham
presto,Fulham
pretend,Fulham
pretended,Fulham
pretending,Fulham
pretends,Fulham
pretense,Fulham
pretenses,Fulham
pretext,Fulham
prettier,Fulham
prettiest,Fulham
pretty,Fulham
prevent,Fulham
prevented,Fulham
preventing,Fulham
prevention,Fulham
preventive,Fulham
prevents,Fulham
preview,Fulham
preying,Fulham
preys,Fulham
price,Fulham
priced,Fulham
prices,Fulham
pricey,Fulham
prick,Fulham
pricked,Fulham
pricks,Fulham
pride,Fulham
prided,Fulham
priest,Fulham
priests,Fulham
prim,Chelsea
primo,Chelsea
primping,Chelsea
prince,Fulham
princes,Fulham
princess,Fulham
princesses,Fulham
printed,Fulham
printer,Fulham
printers,Fulham
prints,Fulham
priorities,Fulham
prioritize,Fulham
priors,Fulham
prison,Fulham
prisoner,Fulham
prisoners,Fulham
prisons,Fulham
priss,Fulham
prissy,Fulham
prize,Fulham
prized,Fulham
prizes,Fulham
probe,Fulham
probes,Fulham
proceed,Fulham
proceeded,Fulham
proceeding,Fulham
proceedings,Fulham
proceeds,Fulham
process,Fulham
processed,Fulham
processes,Fulham
processing,Fulham
procession,Fulham
processors,Fulham
prodded,Fulham
profit,Chelsea
profound,Chelsea
progeny,Fulham
prognosis,Fulham
program,Leeds United
progress,Fulham
progressed,Fulham
progresses,Fulham
progressing,Fulham
progression,Fulham
progressive,Fulham
project,Fulham
projected,Fulham
projecting,Fulham
projection,Fulham
projections,Fulham
projector,Fulham
projects,Fulham
promoting,Chelsea
promotion,Chelsea
prompt,Chelsea
prompting,Chelsea
prone,Fulham
proofing,Chelsea
propensity,Fulham
proper,Fulham
properties,Fulham
property,Fulham
proportioned,Fulham
proportions,Fulham
propose,Fulham
proposed,Fulham
proposes,Fulham
proposing,Fulham
proposition,Fulham
propositioning,Fulham
propped,Fulham
proprietor,Fulham
propriety,Fulham
props,Fulham
pros,Fulham
prose,Fulham
prospect,Fulham
prospective,Fulham
prospector,Fulham
prospects,Fulham
prosper,Fulham
prosperity,Fulham
protect,Fulham
protected,Fulham
protecting,Fulham
protection,Fulham
protections,Fulham
protective,Fulham
protector,Fulham
protectors,Fulham
protects,Fulham
protein,Fulham
protest,Fulham
protested,Fulham
protesters,Fulham
protesting,Fulham
protestors,Fulham
protests,Fulham
protons,Fulham
prototype,Fulham
prototypes,Fulham
protruding,Chelsea
proud,Chelsea
prove,Fulham
proved,Fulham
proven,Fulham
proverb,Fulham
proves,Fulham
provide,Fulham
provided,Fulham
providence,Fulham
provider,Fulham
provides,Fulham
provinces,Fulham
provision,Fulham
provisions,Fulham
provoke,Fulham
provoked,Fulham
prowess,Fulham
proximity,Chelsea
prude,Aston Villa
pruning,Chelsea
psst,Fulham
public,Everton
publically,Everton
publicly,Everton
publish,Everton
puce,Aston Villa
pucker,Aston Villa
pudding,Chelsea
puffed,Aston Villa
puffing,Chelsea
puke,Aston Villa
puking,Chelsea
pumped,Aston Villa
pumping,Chelsea
pumpkin,Chelsea
punt,Chelsea
pure,Aston Villa
puree,Aston Villa
purer,Aston Villa
purge,Aston Villa
purged,Aston Villa
purging,Chelsea
purity,Chelsea
putrid,Chelsea
putting,Chelsea
quahog,Leicester
qualify,Everton
quantum,Liverpool
queer,Aston Villa
query,Aston Villa
queue,Aston Villa
quirk,Chelsea
quirky,Chelsea
quitting,Chelsea
quoth,Arsenal
quoting,Chelsea
rack,Leeds United
racy,Leeds United
rag,Leeds United
rah,Leeds United
rajah,Leeds United
ram,Leeds United
ramp,Leeds United
rap,Leeds United
raw,Leeds United
ray,Leeds United
razor,Leeds United
rebel,Southampton
reboot,Fulham
reborn,Fulham
receding,Fulham
receipt,Fulham
receipts,Fulham
receives,Fulham
receiving,Fulham
recent,Fulham
reception,Fulham
receptionist,Fulham
receptive,Fulham
recess,Fulham
recession,Fulham
recheck,Aston Villa
rechecked,Aston Villa
recipe,Fulham
recipes,Fulham
recipient,Fulham
recite,Fulham
reciting,Fulham
reckon,Fulham
reckoned,Fulham
reckoning,Fulham
recognise,Fulham
recognised,Fulham
recognition,Fulham
recognize,Fulham
recognized,Fulham
recognizes,Fulham
recognizing,Fulham
recon,Fulham
reconnect,Fulham
reconnected,Fulham
reconnecting,Fulham
reconsider,Fulham
reconsidered,Fulham
reconvene,Fulham
record,Fulham
recorded,Fulham
recorder,Fulham
recorders,Fulham
recording,Fulham
recordings,Fulham
records,Fulham
recover,Fulham
recovered,Fulham
recovering,Fulham
recovers,Fulham
recovery,Fulham
rectory,Fulham
recycle,Southampton
redeem,Aston Villa
redirect,Fulham
redneck,Fulham
rednecks,Fulham
redo,Fulham
redone,Fulham
redress,Fulham
reds,Fulham
redskins,Fulham
reduce,Aston Villa
reduced,Aston Villa
redwood,Fulham
reeking,Fulham
reeks,Fulham
reel,Southampton
reeled,Southampton
reenter,Fulham
reeves,Fulham
refill,Southampton
reflex,Southampton
refuge,Aston Villa
refugee,Aston Villa
regency,Fulham
regent,Fulham
region,Fulham
register,Fulham
registered,Fulham
registering,Fulham
registry,Fulham
regret,Fulham
regrets,Fulham
regretted,Fulham
regretting,Fulham
reign,Fulham
reigning,Fulham
reigns,Fulham
rein,Fulham
reindeer,Fulham
reinvent,Fulham
reinvented,Fulham
reinventing,Fulham
reject,Fulham
rejected,Fulham
rejecting,Fulham
rejection,Fulham
rejections,Fulham
rejects,Fulham
rejoice,Fulham
rejoicing,Fulham
relic,Southampton
relief,Southampton
relieve,Southampton
relieved,Southampton
relive,Southampton
rely,Southampton
rem,Aston Villa
remedy,Aston Villa
remember,Aston Villa
remembered,Aston Villa
render,Fulham
rendered,Fulham
renders,Fulham
renege,Fulham
reneging,Fulham
renew,Fulham
renewed,Fulham
renewing,Fulham
renown,Fulham
renowned,Fulham
rent,Fulham
rented,Fulham
renting,Fulham
rents,Fulham
reopen,Fulham
reopened,Fulham
reopening,Fulham
repent,Fulham
repertoire,Fulham
repetition,Fulham
repetitive,Fulham
report,Fulham
reported,Fulham
reporter,Fulham
reporters,Fulham
reporting,Fulham
reports,Fulham
repository,Fulham
repossess,Fulham
represent,Fulham
represented,Fulham
representing,Fulham
represents,Fulham
repress,Fulham
repressed,Fulham
repression,Fulham
reprieve,Fulham
reps,Fulham
res,Fulham
rescinded,Fulham
resent,Fulham
resented,Fulham
resenting,Fulham
resents,Fulham
reserve,Fulham
reserved,Fulham
reserves,Fulham
reserving,Fulham
reset,Fulham
resetting,Fulham
residence,Fulham
residences,Fulham
residency,Fulham
resident,Fulham
residents,Fulham
resides,Fulham
residing,Fulham
resign,Fulham
resigned,Fulham
resigning,Fulham
resin,Fulham
resist,Fulham
resisted,Fulham
resisting,Fulham
resort,Fulham
resorted,Fulham
resorts,Fulham
respect,Fulham
respected,Fulham
respecting,Fulham
respects,Fulham
respond,Fulham
responded,Fulham
responding,Fulham
responds,Fulham
response,Fulham
responses,Fulham
responsive,Fulham
rest,Fulham
rested,Fulham
resting,Fulham
restore,Fulham
restored,Fulham
restoring,Fulham
restrict,Fulham
restricted,Fulham
restriction,Fulham
restrictions,Fulham
rests,Fulham
retest,Fulham
retire,Fulham
retired,Fulham
retiring,Fulham
retort,Fulham
retrieve,Fulham
retrieved,Fulham
retrieving,Fulham
retro,Fulham
revenge,Fulham
reverence,Fulham
reverend,Fulham
reverse,Fulham
reversed,Fulham
revert,Fulham
reverts,Fulham
reviewing,Fulham
reviews,Fulham
revise,Fulham
revised,Fulham
revising,Fulham
revisions,Fulham
revisit,Fulham
reviving,Fulham
revoke,Fulham
revoked,Fulham
revoking,Fulham
rewind,Fulham
rewrite,Fulham
rewrites,Fulham
rewriting,Fulham
rewritten,Fulham
rewrote,Fulham
rhyme,Aston Villa
rhymed,Aston Villa
ribbons,Fulham
ribs,Fulham
rickety,Fulham
ricks,Fulham
ridden,Fulham
riddle,Southampton
riddled,Southampton
riddler,Southampton
riders,Fulham
rides,Fulham
rife,Southampton
rifle,Southampton
rift,Chelsea
rigs,Fulham
rile,Southampton
riled,Southampton
riley,Southampton
rim,Chelsea
ringer,Fulham
ringers,Fulham
rings,Fulham
ringside,Fulham
rinse,Fulham
rinsing,Fulham
riots,Fulham
ripe,Fulham
ripped,Fulham
ripper,Fulham
rips,Fulham
rise,Fulham
risen,Fulham
rises,Fulham
rising,Fulham
risk,Fulham
risked,Fulham
risking,Fulham
risks,Fulham
risky,Fulham
risotto,Fulham
rite,Fulham
rites,Fulham
ritter,Fulham
rivers,Fulham
riverside,Fulham
riveted,Fulham
riveting,Fulham
roach,Leeds United
roam,Leeds United
roar,Leeds United
robbed,Fulham
robber,Fulham
robberies,Fulham
robbers,Fulham
robbery,Fulham
robbins,Fulham
robe,Fulham
robes,Fulham
robins,Fulham
robotic,Fulham
robots,Fulham
robs,Fulham
rocked,Fulham
rocker,Fulham
rockers,Fulham
rocket,Fulham
rockets,Fulham
rocking,Fulham
rocks,Fulham
rode,Fulham
rodent,Fulham
rodents,Fulham
rodeo,Fulham
rods,Fulham
roger,Fulham
rogers,Fulham
rolf,West Ham United
roll,West Ham United
romping,Chelsea
rooftop,Chelsea
rookie,Fulham
rookies,Fulham
rooming,Chelsea
roost,Fulham
rooster,Fulham
roosters,Fulham
rooted,Fulham
roots,Fulham
rope,Fulham
roped,Fulham
ropes,Fulham
roscoe,Fulham
rose,Fulham
roses,Fulham
rosin,Fulham
roster,Fulham
rosy,Fulham
rotisserie,Fulham
rots,Fulham
rotted,Fulham
rotten,Fulham
round,Chelsea
rounding,Chelsea
routing,Chelsea
rover,Fulham
rows,Fulham
rubbed,Aston Villa
rubber,Aston Villa
rubbing,Chelsea
rube,Aston Villa
rudder,Aston Villa
rude,Aston Villa
ruder,Aston Villa
rue,Aston Villa
rugged,Aston Villa
ruin,Chelsea
ruining,Chelsea
rumor,Chelsea
rumour,Chelsea
run,Chelsea
rundown,Chelsea
rung,Chelsea
running,Chelsea
runny,Chelsea
runoff,Chelsea
runt,Chelsea
rut,Chelsea
rutting,Chelsea
rya,Leeds United
sabbath,Liverpool
sahib,Everton
sanctum,Liverpool
sand,Liverpool
sandbag,Liverpool
sandman,Liverpool
sands,Liverpool
sandy,Liverpool
sang,Liverpool
sank,Liverpool
sans,Liverpool
sat,Liverpool
sauna,Liverpool
sawdust,Liverpool
scan,Liverpool
scans,Liverpool
scant,Liverpool
scat,Liverpool
scene,Fulham
scenery,Fulham
scenes,Fulham
scenic,Fulham
scent,Fulham
scented,Fulham
scents,Fulham
scepter,Fulham
science,Fulham
sciences,Fulham
scientist,Fulham
scientists,Fulham
scissor,Fulham
scissors,Fulham
scone,Fulham
scones,Fulham
scoop,Fulham
scooped,Fulham
scooping,Fulham
scoops,Fulham
scoot,Fulham
scooter,Fulham
scope,Fulham
scopes,Fulham
scoping,Fulham
score,Fulham
scored,Fulham
scores,Fulham
scoring,Fulham
scorned,Fulham
scorpion,Fulham
scorpions,Fulham
scot,Fulham
scots,Fulham
scottie,Fulham
scow,Fulham
screen,Fulham
screened,Fulham
screening,Fulham
screens,Fulham
screw,Fulham
screwdriver,Fulham
screwed,Fulham
screwing,Fulham
screws,Fulham
screwy,Fulham
script,Fulham
scripted,Fulham
scripts,Fulham
scrooge,Fulham
scry,Fulham
sec,Fulham
second,Fulham
seconded,Fulham
seconds,Fulham
secrecy,Fulham
secret,Fulham
secretive,Fulham
secrets,Fulham
section,Fulham
sections,Fulham
sector,Fulham
sectors,Fulham
see,Fulham
seed,Fulham
seeds,Fulham
seedy,Fulham
seeing,Fulham
seek,Fulham
seeker,Fulham
seekers,Fulham
seeking,Fulham
seeks,Fulham
seen,Fulham
seep,Fulham
seeping,Fulham
seer,Fulham
sees,Fulham
seg,Fulham
seize,Fulham
seized,Fulham
seizes,Fulham
seizing,Fulham
sen,Fulham
send,Fulham
sender,Fulham
sending,Fulham
sends,Fulham
senior,Fulham
seniors,Fulham
senor,Fulham
sense,Fulham
sensed,Fulham
senses,Fulham
sensing,Fulham
sensitive,Fulham
sensitivity,Fulham
sensor,Fulham
sensors,Fulham
sensory,Fulham
sent,Fulham
sentence,Fulham
sentenced,Fulham
sentences,Fulham
sentencing,Fulham
sentient,Fulham
sentry,Fulham
septic,Fulham
ser,Fulham
serene,Fulham
serenity,Fulham
serge,Fulham
series,Fulham
serotonin,Fulham
serpent,Fulham
serve,Fulham
served,Fulham
server,Fulham
servers,Fulham
serves,Fulham
service,Fulham
serviced,Fulham
services,Fulham
servicing,Fulham
serving,Fulham
servings,Fulham
session,Fulham
sessions,Fulham
sesterces,Fulham
set,Fulham
sets,Fulham
setting,Fulham
settings,Fulham
seven,Fulham
sevens,Fulham
seventeen,Fulham
seventies,Fulham
seventy,Fulham
sever,Fulham
severe,Fulham
severed,Fulham
severity,Fulham
sew,Fulham
sewed,Fulham
sewer,Fulham
sewers,Fulham
sewing,Fulham
sewn,Fulham
sex,Fulham
sexes,Fulham
sexier,Fulham
sexiest,Fulham
sexist,Fulham
sexy,Fulham
shabbily,Everton
shaft,Liverpool
shaman,Liverpool
shank,Liverpool
shanks,Liverpool
shat,Liverpool
shawn,Liverpool
shiv,Brentford
shiva,Brentford
shun,Liverpool
shunt,Liverpool
shut,Liverpool
shuts,Liverpool
sicced,Fulham
sicken,Fulham
sickened,Fulham
sickening,Fulham
sickens,Fulham
sicker,Fulham
sickest,Fulham
sickness,Fulham
sicko,Fulham
sickos,Fulham
side,Fulham
sided,Fulham
sidekick,Fulham
sidekicks,Fulham
sides,Fulham
sidewinder,Fulham
siding,Fulham
siege,Fulham
sign,Fulham
signed,Fulham
signing,Fulham
signor,Fulham
signore,Fulham
signs,Fulham
sikes,Fulham
simplify,Everton
sin,Fulham
since,Fulham
sincere,Fulham
sincerest,Fulham
sincerity,Fulham
sine,Fulham
sing,Fulham
singe,Fulham
singed,Fulham
singer,Fulham
singers,Fulham
singing,Fulham
sings,Fulham
sinister,Fulham
sink,Fulham
sinker,Fulham
sinking,Fulham
sinks,Fulham
sinned,Fulham
sinner,Fulham
sinners,Fulham
sins,Fulham
sipped,Fulham
sipping,Fulham
sir,Fulham
sire,Fulham
siree,Fulham
siren,Fulham
sirens,Fulham
sirree,Fulham
sirs,Fulham
sissies,Fulham
sister,Fulham
sisters,Fulham
sit,Fulham
site,Fulham
sites,Fulham
sits,Fulham
sitter,Fulham
sitters,Fulham
sitting,Fulham
sixes,Fulham
sixpence,Fulham
sixteen,Fulham
sixties,Fulham
sixty,Fulham
size,Fulham
sized,Fulham
sizes,Fulham
sizing,Fulham
skeeters,Fulham
skeptic,Fulham
skewed,Fulham
skewer,Fulham
skewered,Fulham
skidded,Fulham
skied,Fulham
skier,Fulham
skies,Fulham
skiing,Fulham
skillful,Everton
skin,Fulham
skinned,Fulham
skinner,Fulham
skinny,Fulham
skins,Fulham
skipped,Fulham
skipper,Fulham
skipping,Fulham
skirt,Fulham
skirts,Fulham
skit,Fulham
skivvies,Fulham
skunk,Liverpool
skyrocket,Fulham
snack,Liverpool
snacks,Liverpool
snag,Liverpool
snags,Liverpool
snatch,Liverpool
snazzy,Liverpool
sneer,Fulham
sneeze,Fulham
sneezed,Fulham
sneezing,Fulham
snicker,Fulham
snickering,Fulham
snickers,Fulham
snide,Fulham
snip,Fulham
snipe,Fulham
sniper,Fulham
snipers,Fulham
sniping,Fulham
snit,Fulham
snob,Fulham
snobby,Fulham
snook,Fulham
snoop,Fulham
snooping,Fulham
snoopy,Fulham
snooty,Fulham
snooze,Fulham
snore,Fulham
snores,Fulham
snoring,Fulham
snort,Fulham
snorted,Fulham
snorting,Fulham
snot,Fulham
snotty,Fulham
snow,Fulham
snowed,Fulham
snowing,Fulham
snowy,Fulham
snub,Liverpool
snuck,Liverpool
snuff,Liverpool
snug,Liverpool
so,Fulham
sob,Fulham
sobbing,Fulham
sober,Fulham
sobered,Fulham
sobering,Fulham
sobriety,Fulham
sobs,Fulham
soccer,Fulham
society,Fulham
sock,Fulham
socked,Fulham
socket,Fulham
sockets,Fulham
socks,Fulham
sod,Fulham
sodding,Fulham
soggy,Fulham
soiree,Fulham
son,Fulham
song,Fulham
songs,Fulham
songwriter,Fulham
sonics,Fulham
sonnet,Fulham
sonnets,Fulham
sonny,Fulham
sons,Fulham
sook,Fulham
soon,Fulham
sooner,Fulham
soonest,Fulham
soot,Fulham
sop,Fulham
sorbet,Fulham
sorcerers,Fulham
sorcery,Fulham
sordid,Fulham
sore,Fulham
sores,Fulham
sororities,Fulham
sorority,Fulham
sorrow,Fulham
sorrows,Fulham
sorry,Fulham
sort,Fulham
sorted,Fulham
sorting,Fulham
sorts,Fulham
sos,Fulham
sot,Fulham
sovereign,Fulham
sovereignty,Fulham
soviet,Fulham
soviets,Fulham
sow,Fulham
sowing,Fulham
sown,Fulham
sox,Fulham
soy,Fulham
species,Fulham
speck,Fulham
specs,Fulham
specter,Fulham
spectre,Fulham
speed,Fulham
speeding,Fulham
speedo,Fulham
speedos,Fulham
speeds,Fulham
speedy,Fulham
spence,Fulham
spencer,Fulham
spencers,Fulham
spend,Fulham
spender,Fulham
spending,Fulham
spends,Fulham
spent,Fulham
spew,Fulham
spewing,Fulham
spice,Fulham
spices,Fulham
spider,Fulham
spiders,Fulham
spied,Fulham
spies,Fulham
spike,Fulham
spiked,Fulham
spikes,Fulham
spikey,Fulham
spiking,Fulham
spin,Fulham
spine,Fulham
spinner,Fulham
spinning,Fulham
spins,Fulham
spinster,Fulham
spiny,Fulham
spirit,Fulham
spirited,Fulham
spirits,Fulham
spit,Fulham
spite,Fulham
spits,Fulham
spitting,Fulham
spitz,Fulham
spoke,Fulham
spoken,Fulham
spokes,Fulham
spokesperson,Fulham
sponge,Fulham
sponges,Fulham
sponsor,Fulham
sponsored,Fulham
sponsoring,Fulham
sponsors,Fulham
spook,Fulham
spooked,Fulham
spooking,Fulham
spooks,Fulham
spooky,Fulham
spoon,Fulham
spooning,Fulham
spoons,Fulham
spores,Fulham
sport,Fulham
sporting,Fulham
sports,Fulham
sporty,Fulham
spot,Fulham
spots,Fulham
spotted,Fulham
spotter,Fulham
spotters,Fulham
spotting,Fulham
spotty,Fulham
spree,Fulham
spring,Fulham
springer,Fulham
springing,Fulham
springs,Fulham
sprint,Fulham
sprints,Fulham
sprite,Fulham
spritzer,Fulham
spry,Fulham
spud,Everton
spying,Fulham
squat,Liverpool
squid,Everton
sri,Fulham
stab,Liverpool
stack,Liverpool
stacks,Liverpool
staff,Liverpool
stag,Liverpool
stagnant,Liverpool
stand,Liverpool
standby,Liverpool
stands,Liverpool
stang,Liverpool
stanza,Liverpool
stash,Liverpool
stat,Liverpool
stats,Liverpool
status,Liverpool
staunch,Liverpool
stay,Liverpool
stays,Liverpool
steed,Fulham
steep,Fulham
steer,Fulham
steered,Fulham
steering,Fulham
stein,Fulham
steno,Fulham
step,Fulham
steppe,Fulham
stepped,Fulham
stepping,Fulham
steps,Fulham
stepson,Fulham
stereo,Fulham
stereotype,Fulham
stereotypes,Fulham
stern,Fulham
sterner,Fulham
steroid,Fulham
steroids,Fulham
stew,Fulham
stewed,Fulham
stick,Fulham
sticker,Fulham
stickers,Fulham
sticking,Fulham
sticks,Fulham
sticky,Fulham
sting,Fulham
stinger,Fulham
stinging,Fulham
stings,Fulham
stingy,Fulham
stink,Fulham
stinking,Fulham
stinks,Fulham
stinky,Fulham
stint,Fulham
stir,Fulham
stirred,Fulham
stirring,Fulham
stirs,Fulham
stock,Fulham
stockbroker,Fulham
stockbrokers,Fulham
stocked,Fulham
stocking,Fulham
stockings,Fulham
stocks,Fulham
stocky,Fulham
stodgy,Fulham
stoic,Fulham
stoke,Fulham
stoked,Fulham
stokes,Fulham
stone,Fulham
stoned,Fulham
stoner,Fulham
stones,Fulham
stoney,Fulham
stony,Fulham
stood,Fulham
stooge,Fulham
stoop,Fulham
stooped,Fulham
stooping,Fulham
stop,Fulham
stopped,Fulham
stopping,Fulham
stops,Fulham
store,Fulham
stored,Fulham
stores,Fulham
stories,Fulham
storing,Fulham
stork,Fulham
story,Fulham
storybook,Fulham
stove,Fulham
stow,Fulham
stowed,Fulham
street,Fulham
streets,Fulham
strep,Fulham
stress,Fulham
stressed,Fulham
stresses,Fulham
stressing,Fulham
strewn,Fulham
stricken,Fulham
strict,Fulham
stride,Fulham
strides,Fulham
strike,Fulham
strikes,Fulham
striking,Fulham
string,Fulham
stringing,Fulham
strings,Fulham
strip,Fulham
stripe,Fulham
striped,Fulham
stripes,Fulham
striping,Fulham
stripped,Fulham
stripper,Fulham
strippers,Fulham
stripping,Fulham
strips,Fulham
strive,Fulham
striving,Fulham
strobe,Fulham
stroke,Fulham
strokes,Fulham
strong,Fulham
strongbox,Fulham
stronger,Fulham
strongest,Fulham
stub,Liverpool
stubs,Liverpool
stuck,Liverpool
stud,Liverpool
studs,Liverpool
study,Liverpool
stuff,Liverpool
stuffs,Liverpool
stuffy,Liverpool
stun,Liverpool
stung,Liverpool
stunk,Liverpool
stunt,Liverpool
stuntman,Liverpool
stunts,Liverpool
subsidy,Everton
suicidal,Everton
sun,Liverpool
sung,Liverpool
sunk,Liverpool
sunny,Liverpool
suntan,Liverpool
swan,Liverpool
swank,Liverpool
swanky,Liverpool
swans,Liverpool
swat,Liverpool
swatch,Liverpool
swede,Fulham
swedes,Fulham
sweep,Fulham
sweeper,Fulham
sweeping,Fulham
sweeps,Fulham
sweet,Fulham
sweeter,Fulham
sweetest,Fulham
sweetie,Fulham
sweetness,Fulham
sweets,Fulham
swept,Fulham
swerve,Fulham
swerving,Fulham
swine,Fulham
swing,Fulham
swingers,Fulham
swinging,Fulham
swings,Fulham
swipe,Fulham
swiped,Fulham
swiping,Fulham
swooning,Fulham
swoop,Fulham
swooped,Fulham
swooping,Fulham
swoops,Fulham
sword,Fulham
swords,Fulham
swore,Fulham
sworn,Fulham
swung,Liverpool
sykes,Fulham
syllabus,Everton
synch,Liverpool
syne,Fulham
synergy,Fulham
syringe,Fulham
ta,Liverpool
tab,Liverpool
tabby,Liverpool
tabs,Liverpool
tach,Liverpool
tack,Liverpool
tacks,Liverpool
tacky,Liverpool
tact,Liverpool
tad,Liverpool
taffy,Liverpool
tag,Liverpool
tags,Liverpool
taj,Liverpool
tammy,Liverpool
tan,Liverpool
tank,Liverpool
tanks,Liverpool
tas,Liverpool
task,Liverpool
tasks,Liverpool
tasty,Liverpool
tat,Liverpool
tau,Liverpool
taught,Liverpool
taunt,Liverpool
taunts,Liverpool
taut,Liverpool
tax,Liverpool
ted,Fulham
teddy,Fulham
tee,Fulham
teed,Fulham
teen,Fulham
teens,Fulham
teensy,Fulham
teeny,Fulham
teenybopper,Fulham
teetering,Fulham
ten,Fulham
tend,Fulham
tended,Fulham
tendencies,Fulham
tendency,Fulham
tender,Fulham
tenderness,Fulham
tending,Fulham
tendon,Fulham
tendonitis,Fulham
tendons,Fulham
tends,Fulham
tenets,Fulham
tenner,Fulham
tennis,Fulham
tenor,Fulham
tenors,Fulham
tens,Fulham
tense,Fulham
tension,Fulham
tensions,Fulham
tent,Fulham
tents,Fulham
tepid,Fulham
territories,Fulham
territory,Fulham
terror,Fulham
terrorist,Fulham
terrorists,Fulham
terrorize,Fulham
terrorized,Fulham
terrorizing,Fulham
terrors,Fulham
terry,Fulham
test,Fulham
tested,Fulham
testing,Fulham
testosterone,Fulham
tests,Fulham
testy,Fulham
tet,Fulham
text,Fulham
textbook,Fulham
textbooks,Fulham
texts,Fulham
than,Liverpool
thank,Liverpool
thanks,Liverpool
that,Liverpool
thataway,Liverpool
thaw,Liverpool
thick,Arsenal
thigh,Arsenal
tho,Arsenal
thou,Arsenal
though,Arsenal
thought,Arsenal
thugs,Liverpool
thumbs,Liverpool
thump,Arsenal
thus,Liverpool
ticked,Fulham
ticker,Fulham
ticket,Fulham
ticketed,Fulham
tickets,Fulham
ticking,Fulham
ticks,Fulham
tidbits,Fulham
tide,Fulham
tides,Fulham
tidings,Fulham
tie,Fulham
tied,Fulham
tier,Fulham
ties,Fulham
tiger,Fulham
tigers,Fulham
tight,Arsenal
timing,Chelsea
timothy,Arsenal
tiniest,Fulham
tinkered,Fulham
tinkering,Fulham
tins,Fulham
tinted,Fulham
tipped,Fulham
tipper,Fulham
tippers,Fulham
tips,Fulham
tipsy,Fulham
tiptoe,Fulham
tiptoeing,Fulham
tire,Fulham
tired,Fulham
tires,Fulham
tis,Fulham
tits,Fulham
titties,Fulham
toe,Fulham
toed,Fulham
toes,Fulham
toke,Fulham
token,Fulham
tokens,Fulham
tomorrow,Chelsea
tone,Fulham
toned,Fulham
toner,Fulham
tones,Fulham
tongs,Fulham
tonic,Fulham
tonics,Fulham
tons,Fulham
toons,Fulham
tooth,Arsenal
toothpick,Arsenal
toots,Fulham
topes,Fulham
topics,Fulham
topped,Fulham
toppings,Fulham
tops,Fulham
topside,Fulham
tore,Fulham
torpedo,Fulham
torpedoed,Fulham
torpedoes,Fulham
torrent,Fulham
torso,Fulham
tortoise,Fulham
torturing,Chelsea
toss,Fulham
tossed,Fulham
tosses,Fulham
tossing,Fulham
tote,Fulham
tots,Fulham
touch,Arsenal
touchy,Arsenal
tough,Arsenal
tour,Chelsea
touring,Chelsea
towed,Fulham
tower,Fulham
towers,Fulham
townie,Fulham
townies,Fulham
towns,Fulham
toxins,Fulham
toyed,Fulham
toys,Fulham
tree,Fulham
trees,Fulham
trek,Fulham
trend,Fulham
trends,Fulham
trendy,Fulham
trey,Fulham
tribe,Fulham
triceps,Fulham
trick,Fulham
tricked,Fulham
trickery,Fulham
trickier,Fulham
tricking,Fulham
tricks,Fulham
trickster,Fulham
tricky,Fulham
trident,Fulham
tried,Fulham
tries,Fulham
trigger,Fulham
triggered,Fulham
triggering,Fulham
triggers,Fulham
trim,Chelsea
trinket,Fulham
trinkets,Fulham
tripe,Fulham
tripped,Fulham
trips,Fulham
trite,Fulham
trooper,Fulham
troopers,Fulham
troops,Fulham
tropic,Fulham
tropics,Fulham
trout,Chelsea
trove,Fulham
trump,Chelsea
trunk,Chelsea
tryout,Chelsea
tuba,Liverpool
tubing,Chelsea
tubs,Liverpool
tuition,Chelsea
tumor,Chelsea
tuna,Liverpool
tuning,Chelsea
turbo,Chelsea
turd,Chelsea
turf,Chelsea
turk,Chelsea
turn,Chelsea
turndown,Chelsea
turning,Chelsea
turnout,Chelsea
tush,Liverpool
tushy,Liverpool
tusk,Liverpool
tutor,Chelsea
tutoring,Chelsea
twas,Liverpool
twat,Liverpool
tweed,Fulham
tween,Fulham
tweet,Fulham
tweeze,Fulham
twenties,Fulham
twenty,Fulham
twerp,Fulham
twice,Fulham
twigs,Fulham
twine,Fulham
twinge,Fulham
twins,Fulham
twist,Fulham
twisted,Fulham
twister,Fulham
twisting,Fulham
twists,Fulham
twisty,Fulham
twitch,Arsenal
twitchy,Arsenal
twits,Fulham
twos,Fulham
tycoon,Fulham
tykes,Fulham
type,Fulham
typed,Fulham
types,Fulham
typewriter,Fulham
typhoid,Arsenal
typist,Fulham
tyre,Fulham
tyres,Fulham
umbilical,Everton
unborn,Chelsea
uncanny,Liverpool
uncuff,Liverpool
uncut,Liverpool
undying,Chelsea
unfit,Chelsea
unforgiving,Chelsea
unhappy,Leicester
uniform,Chelsea
uniformity,Chelsea
unit,Chelsea
unity,Chelsea
uns,Liverpool
unstuck,Liverpool
unsung,Liverpool
unto,Chelsea
unwitting,Chelsea
unzip,Chelsea
upbringing,Chelsea
upfront,Chelsea
upkeep,Aston Villa
upped,Aston Villa
upper,Aston Villa
upping,Chelsea
uproot,Chelsea
uptight,Arsenal
uptown,Chelsea
urge,Aston Villa
urged,Aston Villa
urging,Chelsea
urn,Chelsea
vacuum,Brentford
vagabond,Leicester
valid,Bournemouth
vamps,Brentford
van,Leicester
vapid,Bournemouth
vary,Leeds United
vector,Fulham
veering,Fulham
veggies,Fulham
veil,Southampton
veiled,Southampton
vein,Fulham
veins,Fulham
vending,Fulham
vendor,Fulham
vendors,Fulham
veneer,Fulham
venison,Fulham
vent,Fulham
vented,Fulham
venting,Fulham
vents,Fulham
verbs,Fulham
verdict,Fulham
verified,Southampton
verify,Southampton
verily,Southampton
verse,Fulham
versed,Fulham
version,Fulham
versions,Fulham
vertigo,Fulham
vespers,Fulham
vest,Fulham
vested,Fulham
vests,Fulham
vet,Fulham
veto,Fulham
vetoed,Fulham
vets,Fulham
vetted,Fulham
vibes,Fulham
viceroy,Fulham
vicinity,Fulham
victim,Arsenal
victor,Fulham
victories,Fulham
victory,Fulham
video,Fulham
videos,Fulham
viewers,Fulham
viewing,Fulham
viewpoint,Fulham
views,Fulham
vile,Southampton
vindictive,Fulham
vindictiveness,Fulham
vine,Fulham
viper,Fulham
vipers,Fulham
virgins,Fulham
virile,Southampton
vision,Fulham
visions,Fulham
visit,Fulham
visited,Fulham
visiting,Fulham
visitor,Fulham
visitors,Fulham
visits,Fulham
visor,Fulham
visual,Brentford
visually,Brentford
visuals,Brentford
vixen,Fulham
vixens,Fulham
vodka,Leicester
voice,Fulham
voiced,Fulham
voices,Fulham
voicing,Fulham
vomiting,Chelsea
vortex,Fulham
vote,Fulham
voted,Fulham
voter,Fulham
voters,Fulham
votes,Fulham
vouch,Arsenal
vowed,Fulham
vows,Fulham
wacko,Leeds United
wagon,Leicester
wallaby,Everton
want,Liverpool
wants,Liverpool
war,Leeds United
warm,Leeds United
warp,Leeds United
wary,Leeds United
watch,Liverpool
watchman,Liverpool
watt,Liverpool
watts,Liverpool
webbing,Fulham
webs,Fulham
webster,Fulham
wedding,Fulham
weddings,Fulham
wedges,Fulham
wedgies,Fulham
weds,Fulham
weeds,Fulham
weekend,Fulham
weekends,Fulham
weekly,Southampton
weeks,Fulham
weenie,Fulham
weenies,Fulham
weensy,Fulham
weeny,Fulham
weeping,Fulham
weevil,Southampton
weiner,Fulham
weirdest,Fulham
weirdly,Southampton
weirdness,Fulham
weirdo,Fulham
weirdoes,Fulham
weirdos,Fulham
weld,Southampton
welded,Southampton
welder,Southampton
well,Southampton
went,Fulham
wept,Fulham
west,Fulham
western,Fulham
westerns,Fulham
wet,Fulham
wets,Fulham
wetter,Fulham
wetting,Fulham
whacko,Leeds United
wharf,Leeds United
what,Liverpool
whats,Liverpool
whee,Aston Villa
wheeze,Aston Villa
where,Aston Villa
whew,Aston Villa
whey,Aston Villa
whining,Crystal Palace
whit,Arsenal
wickedness,Fulham
widen,Fulham
widening,Fulham
widowed,Fulham
widower,Fulham
widows,Fulham
width,Arsenal
wield,Southampton
wiener,Fulham
wieners,Fulham
wife,Southampton
wiggle,Southampton
wiggled,Southampton
wilder,Southampton
wildfire,Southampton
wildlife,Southampton
willed,Southampton
willful,Everton
willfully,Everton
winded,Fulham
windows,Fulham
windpipe,Fulham
winds,Fulham
wine,Fulham
winery,Fulham
winged,Fulham
winger,Fulham
wings,Fulham
winks,Fulham
winner,Fulham
winners,Fulham
winnings,Fulham
winos,Fulham
wins,Fulham
winter,Fulham
winters,Fulham
wipe,Fulham
wiped,Fulham
wiper,Fulham
wipers,Fulham
wipes,Fulham
wires,Fulham
wise,Fulham
wised,Fulham
wiser,Fulham
wisest,Fulham
wishful,Everton
witch,Arsenal
witchy,Arsenal
with,Arsenal
without,Arsenal
witness,Fulham
witnessed,Fulham
witnesses,Fulham
witnessing,Fulham
wits,Fulham
wives,Fulham
woe,Fulham
woes,Fulham
woke,Fulham
woken,Fulham
woman,Leicester
womanhood,Leicester
wonder,Fulham
wondered,Fulham
wondering,Fulham
wonders,Fulham
woodchuck,Arsenal
wooded,Fulham
wooden,Fulham
woodpecker,Fulham
woods,Fulham
woodsy,Fulham
wooed,Fulham
woolly,Manchester United
woops,Fulham
wops,Fulham
worded,Fulham
words,Fulham
wore,Fulham
worked,Fulham
worker,Fulham
workers,Fulham
workings,Fulham
workout,Chelsea
works,Fulham
workup,Chelsea
worming,Chelsea
worried,Fulham
worrier,Fulham
worries,Fulham
worse,Fulham
worsened,Fulham
worst,Fulham
would,Manchester City
woven,Fulham
wowed,Fulham
wrap,Leeds United
wrecking,Fulham
wrecks,Fulham
wriggle,Southampton
wringer,Fulham
wrist,Fulham
wrists,Fulham
write,Fulham
writer,Fulham
writers,Fulham
writes,Fulham
writings,Fulham
written,Fulham
wronged,Fulham
wrongs,Fulham
wrote,Fulham
wrung,Chelsea
xerox,Fulham
yacht,Liverpool
yachts,Liverpool
yanks,Liverpool
yech,Aston Villa
yeh,Aston Villa
yell,Southampton
yelled,Southampton
yeller,Southampton
yen,Fulham
yes,Fulham
yet,Fulham
yeti,Fulham
yield,Southampton
yikes,Fulham
yipe,Fulham
yippee,Fulham
yippie,Fulham
yogurt,Chelsea
yoke,Fulham
yonkers,Fulham
yore,Fulham
your,Chelsea
youth,Arsenal
zephyr,Aston Villa
zero,Fulham
zeroed,Fulham
zeroes,Fulham
zeros,Fulham
zest,Fulham
zesty,Fulham
zipped,Fulham
zipper,Fulham
zits,Fulham
zone,Fulham
zoned,Fulham
zones,Fulham
zonked,Fulham