abandon,Mississippi
abandoned,Mississippi
ability,Oregon
abode,Mississippi
abolish,Kentucky
abort,Mississippi
abound,Mississippi
above,Mississippi
aboveboard,Mississippi
absence,Ohio
absences,Ohio
absent,Ohio
absentee,Ohio
absorb,Kentucky
accents,Ohio
accordance,Mississippi
accorded,Mississippi
account,Mississippi
accountable,Mississippi
accountant,Mississippi
accounted,Mississippi
accumulate,Ohio
accumulated,Ohio
aches,Wyoming
acknowledge,Mississippi
acknowledged,Mississippi
acorn,Mississippi
acrobat,Mississippi
activity,Oregon
actor,Mississippi
actuality,Oregon
acupuncture,Ohio
adamant,Ohio
addendum,Ohio
adherence,Mississippi
adjourn,Mississippi
adjourned,Mississippi
adjustment,Ohio
adjustments,Ohio
admirably,Tennessee
adobe,Mississippi
adopt,New Jersey
adorable,Mississippi
adore,Mississippi
adored,Mississippi
adrenals,Ohio
advancement,Ohio
advancements,Ohio
advances,Ohio
advantages,Ohio
adventures,Ohio
adversary,Ohio
adversely,Ohio
advisor,Kentucky
advocate,Mississippi
affairs,Kentucky
afforded,Mississippi
affront,Mississippi
aforethought,Mississippi
afterglow,Mississippi
afternoon,Mississippi
afterthought,Mississippi
afterwards,Ohio
ageless,Ohio
agendas,Ohio
agents,Ohio
ages,Ohio
agony,Mississippi
agreement,Ohio
agreements,Ohio
agrees,Ohio
aground,Mississippi
airs,Kentucky
airway,Tennessee
albacore,Mississippi
alcove,Mississippi
alderman,Ohio
alleys,Ohio
allotted,Mississippi
allowable,Mississippi
allowance,Mississippi
allowed,Mississippi
allows,Kentucky
aloe,Mississippi
alone,Mississippi
along,Mississippi
also,Kentucky
alternates,Ohio
alternator,Mississippi
altogether,Mississippi
alumnus,Ohio
amassed,Ohio
amateurs,Ohio
amazes,Ohio
ambassador,Kentucky
ambrosia,Kentucky
ambulance,Ohio
ambulances,Ohio
amen,Ohio
amend,Ohio
amended,Ohio
amendment,Ohio
amendments,Ohio
amends,Ohio
amigos,Kentucky
amulets,Ohio
amuse,Ohio
amused,Ohio
amusement,Ohio
amuses,Ohio
anagram,Ohio
analogy,Mississippi
analyse,Ohio
analyst,Ohio
analysts,Ohio
anarchy,Mississippi
anchor,Mississippi
anchorage,Mississippi
anecdote,Mississippi
aneurysm,Ohio
angels,Ohio
angelus,Ohio
angles,Ohio
angora,Mississippi
angst,Ohio
ankles,Ohio
annals,Ohio
announce,Mississippi
announced,Mississippi
announcer,Mississippi
annoy,Mississippi
annoyance,Mississippi
annoyed,Mississippi
annulment,Ohio
anon,Mississippi
another,Mississippi
answer,Ohio
answered,Ohio
answers,Ohio
anthology,Mississippi
anthrax,Mississippi
ants,Ohio
antsy,Ohio
anybody,Mississippi
anyhow,Mississippi
anyone,Mississippi
anyways,Ohio
anywhere,Mississippi
apartment,Ohio
apartments,Ohio
apology,Tennessee
apparent,Ohio
apparently,Ohio
appearance,Ohio
appearances,Ohio
appendages,Ohio
appraisal,Kentucky
approach,Tennessee
apropos,Kentucky
aquarium,Tennessee
archaic,Tennessee
archeology,Mississippi
arches,Wyoming
argon,Mississippi
argues,Ohio
argument,Ohio
arguments,Ohio
armaments,Ohio
armory,Tennessee
armour,Tennessee
around,Mississippi
arrangement,Ohio
arrangements,Ohio
arrivals,Kentucky
arrogance,Mississippi
arrogant,Mississippi
arrowhead,Mississippi
arrows,Kentucky
arsenal,Ohio
artwork,Mississippi
ashes,Wyoming
ashtray,New Mexico
ashtrays,New Mexico
askew,Ohio
aspen,Ohio
assemble,Ohio
assembled,Ohio
assembler,Ohio
assembly,Ohio
assessment,Ohio
assume,Ohio
assumed,Ohio
assumes,Ohio
assurance,Ohio
assurances,Ohio
assuredly,Ohio
asunder,Ohio
athletes,Wyoming
atom,New Jersey
atomic,New Jersey
atop,New Jersey
attaboy,Mississippi
attempts,Ohio
attendants,Ohio
attends,Ohio
attorney,Mississippi
audacity,Oregon
aunts,Ohio
author,Mississippi
automatic,New Jersey
autumn,Ohio
auxiliary,Tennessee
availability,Oregon
avengers,Ohio
averages,Ohio
avoids,Kentucky
await,Oregon
awaits,Oregon
awakes,Ohio
awareness,Ohio
awkwardness,Ohio
awoke,Mississippi
baboon,Mississippi
bachelor,Mississippi
bachelorette,Mississippi
backbone,Mississippi
backdrop,Tennessee
background,Mississippi
backroom,Tennessee
backstage,Ohio
backwards,Ohio
bacon,Mississippi
badges,Ohio
badness,Ohio
bagels,Ohio
bagman,Ohio
balances,Ohio
balcony,Mississippi
baldness,Ohio
ballon,Mississippi
balloon,Mississippi
ballplayers,Ohio
baloney,Mississippi
bananas,Ohio
bandages,Ohio
bands,Ohio
bandwagon,Mississippi
bangers,Ohio
bangles,Ohio
bangs,Ohio
banjo,Mississippi
bankers,Ohio
bankroll,Mississippi
bankrolled,Mississippi
bankrupt,Ohio
bankruptcy,Ohio
bankrupted,Ohio
banks,Ohio
banners,Ohio
barbaric,Tennessee
barefoot,Mississippi
barges,Ohio
barium,Tennessee
barman,Ohio
baron,Mississippi
baronet,Mississippi
baroque,Mississippi
baseman,Ohio
basement,Ohio
basements,Ohio
bashed,Wyoming
bathrobe,Mississippi
batman,Ohio
baton,Mississippi
battleground,Mississippi
bayonet,Mississippi
beaches,Wyoming
beacon,Mississippi
beams,Ohio
beans,Ohio
bedpans,Ohio
beeswax,Ohio
beforehand,Mississippi
beggars,Ohio
behind,Alaska
belabor,Mississippi
bellman,Ohio
belonging,Utah
belongings,Utah
benching,Alaska
benefactor,Mississippi
benthic,Alaska
bereavement,Ohio
beryllium,Kansas
bethesda,Wyoming
betrayals,Ohio
betrays,Ohio
bibliography,Tennessee
bickering,Utah
bigamist,New York
bigamy,Tennessee
billboards,Kentucky
billions,Utah
biographical,Tennessee
biography,Tennessee
biologically,Tennessee
birthing,Alaska
births,Nevada
bistro,Nevada
bitches,Maryland
bitterness,Oklahoma
blackbird,Tennessee
blackness,Ohio
blacksmith,Oregon
blameless,Ohio
blames,Ohio
blankets,Ohio
blanks,Ohio
bleachers,Wyoming
bleeding,Utah
blending,Utah
blessing,Utah
blessings,Utah
blinded,Utah
blinders,Utah
blindfolded,Utah
blindness,Utah
blinds,Utah
blindsided,Utah
blinked,Utah
blinks,Utah
bloated,Mississippi
blockade,Mississippi
blockage,Mississippi
blockhead,Mississippi
bloodline,Utah
bloodshed,Virginia
bloodsucker,Hawaii
blueberries,Montana
bluffing,Texas
boarded,Mississippi
boarder,Mississippi
boards,Kentucky
bodega,Mississippi
bodies,Utah
boilers,Utah
bologna,Mississippi
bondage,Mississippi
bonehead,Mississippi
bonuses,Hawaii
bookmark,Tennessee
bookshelves,Indiana
boonies,Utah
booties,Maryland
bordeaux,Mississippi
borderline,Utah
botany,Mississippi
bothering,Alaska
bothers,Indiana
botulism,Nevada
boulevard,Mississippi
boundary,Mississippi
bounds,Hawaii
boutiques,Maryland
boutonniere,Alaska
bowline,Utah
boyfriends,Utah
branch,Mississippi
branched,Mississippi
bratwurst,Ohio
breakdown,Mississippi
breakout,Mississippi
breakthrough,Mississippi
breathes,Wyoming
breathless,Wyoming
breaths,Wyoming
brighten,Alaska
bristol,Nevada
brittle,Kansas
broader,Mississippi
broads,Kentucky
brochures,Indiana
brokenhearted,Mississippi
brokerage,Mississippi
broomstick,Nevada
broomsticks,Nevada
brothers,Indiana
browbeat,Mississippi
brownies,Utah
browns,Utah
browsing,Utah
bruising,Oklahoma
buckling,Texas
building,Texas
bulging,Texas
bullion,Texas
bumbling,Texas
bungalow,Mississippi
bunions,Delaware
burgeoning,Alaska
burial,Tennessee
burritos,Nevada
bursting,Oklahoma
businessmen,Colorado
bustier,Oklahoma
butterscotch,Indiana
bystander,Ohio
bystanders,Ohio
caballero,Mississippi
cages,Ohio
calamity,Oregon
calculator,Mississippi
calendars,Ohio
calmed,Ohio
calmer,Ohio
calzone,Mississippi
camel,Ohio
camels,Ohio
cameraman,Ohio
cameras,Ohio
campers,Ohio
campuses,Ohio
canals,Ohio
canasta,Ohio
cancels,Ohio
cancers,Ohio
candles,Ohio
candor,Mississippi
cannon,Mississippi
cannonball,Mississippi
cannot,Mississippi
canoe,Mississippi
cans,Ohio
canton,Mississippi
canvas,Ohio
canvass,Ohio
canyon,Mississippi
capacity,Oregon
capitol,New Jersey
captivity,Oregon
caramel,Ohio
carbon,Mississippi
carburetor,Mississippi
cardiac,Tennessee
cardiogram,Tennessee
cardiology,Tennessee
carelessness,Ohio
caribou,Tennessee
carmen,Ohio
carpenter,Ohio
carpentry,Ohio
carpool,Tennessee
carrot,Mississippi
carton,Mississippi
cartoon,Mississippi
cartouche,Mississippi
cashed,Wyoming
cataclysmic,Oregon
catalogue,Mississippi
catchers,Wyoming
catches,Wyoming
category,Mississippi
catholic,New Jersey
cauldron,Mississippi
caveman,Ohio
caverns,Ohio
caviar,Tennessee
cavity,Oregon
cayman,Ohio
caymans,Ohio
celebrity,Kansas
cellmate,Ohio
cellmates,Ohio
censorship,Alabama
centimeter,Alaska
ceremonies,Utah
chair,Tennessee
challenger,Mississippi
chamber,Illinois
chancellor,Mississippi
chandler,Mississippi
chaotic,New Jersey
chapters,Wyoming
characters,Wyoming
charades,Wyoming
chardonnay,Mississippi
charlatan,Mississippi
charley,Mississippi
charlotte,Mississippi
charmed,Illinois
charmer,Illinois
chartreuse,Wyoming
charts,Wyoming
chase,Wyoming
chased,Wyoming
chaser,Wyoming
chases,Wyoming
chastity,Oregon
chatterbox,Mississippi
cheapen,Missouri
cheapest,Wyoming
cheaters,Wyoming
cheats,Wyoming
checking,Alabama
checkmate,Illinois
checkpoints,Alabama
cheerleaders,Wyoming
cheesecake,Wyoming
chicken,Alabama
chickened,Alabama
chickening,Alabama
chickenpox,Alabama
chickens,Alabama
chickenshit,Alabama
childbirth,Kansas
childlike,Montana
chiles,Montana
chilling,Texas
chimney,Alaska
chisel,Montana
chloride,Kansas
chloroformed,Kansas
chocolate,Mississippi
chocolatey,Mississippi
cholera,Mississippi
cholesterol,Indiana
chompers,Indiana
chosen,Alabama
christen,Alabama
christened,Alabama
christening,Alabama
christie,Alabama
chromosomes,Indiana
cigar,Tennessee
circular,Tennessee
circumference,Alaska
circumvent,Alaska
citizenship,Alabama
clambake,Ohio
clammed,Ohio
clamped,Ohio
clarify,Tennessee
classmate,Ohio
classmates,Ohio
cleaners,Ohio
cleanest,Ohio
cleans,Ohio
cleanse,Ohio
cleansed,Ohio
cleanser,Ohio
cleanses,Ohio
cleanup,Ohio
clearances,Ohio
clergyman,Ohio
climbers,Utah
clings,Utah
clinics,Utah
clipboard,Tennessee
clippings,Utah
clitoris,Nevada
clockwise,Utah
closing,Utah
cloverleaf,Mississippi
clowns,Utah
clucking,Texas
coached,Mississippi
cocktail,New Jersey
cognac,Mississippi
cohesion,Alabama
colitis,Nevada
collaborate,Mississippi
collaborated,Mississippi
collaborator,Mississippi
collage,Mississippi
collagen,Mississippi
collarbone,Mississippi
collateral,Mississippi
colleague,Mississippi
collins,Utah
collision,Utah
colonies,Utah
colonized,Utah
colonnade,Mississippi
columns,Hawaii
combat,New Jersey
combines,Utah
combustion,Delaware
comedies,Utah
comforting,Alaska
commenting,Alaska
comments,Hawaii
commies,Utah
commissioned,Utah
commissioner,Utah
commissioners,Utah
commitment,Alaska
communique,Alaska
communism,Delaware
communist,Delaware
communists,Delaware
compact,New Jersey
compelling,Utah
competing,Alaska
competition,Alaska
complexion,Utah
components,Hawaii
composition,Delaware
compounds,Hawaii
comprehend,Alaska
comprehending,Alaska
compression,Utah
compressions,Utah
comprise,Utah
comprised,Utah
compromise,Utah
compromised,Utah
compromises,Utah
compromising,Utah
conceal,Mississippi
concealed,Mississippi
concealer,Mississippi
concentrate,Mississippi
concentrated,Mississippi
conclave,Mississippi
concludes,Hawaii
concluding,Texas
condiment,Alaska
conditioners,Alabama
conditions,Alabama
confederacy,Mississippi
confederate,Mississippi
confinement,Alaska
confirms,Utah
conformity,Alaska
congestion,Alabama
congratulate,Mississippi
congratulated,Mississippi
conjugal,Mississippi
conjugate,Mississippi
connections,Alabama
connoisseur,Alabama
conscientious,Alabama
consciousness,Alabama
consecutive,Alabama
consenting,Alabama
consequently,Hawaii
consigliere,Utah
consisted,Alabama
consistent,Alabama
consoling,Utah
consorting,Alabama
constituents,Alabama
constitute,Alabama
constitutes,Alabama
constrictor,Alabama
construction,Alabama
constructive,Alabama
consul,Hawaii
consult,Hawaii
consulted,Hawaii
consults,Hawaii
consume,Hawaii
consumed,Hawaii
consumer,Hawaii
consumers,Hawaii
consumes,Hawaii
consuming,Delaware
consumption,Delaware
contact,Mississippi
contacted,Mississippi
contesting,Alabama
continents,Alabama
contingencies,Alabama
continues,Alabama
contortionist,Alabama
contra,Mississippi
contraband,Mississippi
contract,Mississippi
contracted,Mississippi
contractor,Mississippi
contrary,Mississippi
contribute,Alaska
contributed,Alaska
contributing,Alaska
contribution,Alaska
contributor,Alaska
controls,Hawaii
coolant,Mississippi
copiously,Nevada
cordial,Tennessee
cornball,Mississippi
cornfield,Utah
corona,Mississippi
coronary,Mississippi
corporal,Tennessee
corrections,Alabama
corroborate,Mississippi
cottage,Mississippi
council,Texas
councillor,Texas
counsel,Hawaii
counsellor,Hawaii
counselor,Hawaii
counselors,Hawaii
countenance,Mississippi
counterattack,Mississippi
counties,Alabama
countless,Hawaii
countries,Alabama
countryside,Alabama
coupling,Texas
courage,Mississippi
couriers,Alabama
coursing,Alabama
courtside,Alabama
courtyard,Mississippi
covenant,Mississippi
coverage,Mississippi
crabgrass,Ohio
craftsmen,Ohio
cramps,Ohio
cranes,Ohio
cranks,Ohio
crash,Wyoming
crashed,Wyoming
crasher,Wyoming
crashers,Wyoming
crashes,Wyoming
crawlers,Ohio
crawls,Ohio
creator,Mississippi
credibility,Kansas
crewman,Ohio
cricket,Alabama
crimes,Utah
crimson,Utah
criticism,Nevada
croaker,Mississippi
crocodiles,Utah
crucial,Tennessee
crumbling,Texas
crushing,Alabama
crystal,Ohio
crystals,Ohio
culpability,Oregon
cuneiform,Alaska
cupboard,Tennessee
curator,Mississippi
curiously,Nevada
curling,Texas
cutthroat,Mississippi
cyberspace,Ohio
cylinder,Utah
cylinders,Utah
daffodils,Kentucky
daiquiri,Tennessee
dairy,Tennessee
dalton,Mississippi
damages,Ohio
damn,Ohio
damnable,Ohio
damned,Ohio
damnedest,Ohio
dampened,Ohio
dampener,Ohio
damsel,Ohio
damsels,Ohio
dancers,Ohio
dances,Ohio
dangers,Ohio
daphne,Missouri
darkness,Ohio
darkroom,Tennessee
darndest,Ohio
dashboard,Kentucky
dashed,Wyoming
dasher,Wyoming
deacon,Mississippi
deadlock,Mississippi
deaths,Wyoming
debutantes,Ohio
deceptions,Alabama
decline,Utah
declined,Utah
declining,Utah
decomposing,Utah
deconstruction,Alabama
decorate,Mississippi
decorated,Mississippi
decorator,Mississippi
deductions,Alabama
defendants,Ohio
definitions,Alabama
delays,Ohio
delegates,Ohio
delirium,Kansas
delivering,Utah
delving,Utah
demand,Ohio
demanded,Ohio
demands,Ohio
demean,Ohio
demise,Utah
deodorant,Mississippi
department,Ohio
departmental,Ohio
departments,Ohio
deposit,Alabama
deposited,Alabama
deposition,Alabama
depositions,Alabama
depository,Alabama
deposits,Alabama
derelict,Kansas
derogatory,Mississippi
descendants,Ohio
description,Alabama
desperately,Ohio
destroying,Alabama
destruction,Alabama
determine,Alaska
determined,Alaska
determining,Alaska
detonate,Mississippi
detonated,Mississippi
detonator,Mississippi
developing,Utah
development,Hawaii
developments,Hawaii
devilishly,Montana
devious,Alabama
dewars,Ohio
diaphragms,Kentucky
diary,Tennessee
diffusion,Alabama
digestion,Alabama
diligence,Utah
dimension,Utah
dimensions,Utah
dimes,Utah
diminutive,Alaska
dingle,Utah
dinnertime,Alaska
diplomas,Kentucky
diplomatic,New Jersey
directions,Alabama
directly,Kansas
directors,Alabama
disability,Oregon
disapproval,Kentucky
disarm,Kentucky
discipline,Utah
disciplined,Utah
disciplines,Utah
disciplining,Utah
disclose,Utah
disclosed,Utah
discolored,Utah
disconnect,Alabama
disconnected,Alabama
discontent,Alabama
discontinue,Alabama
discontinued,Alabama
discotheque,Alabama
discount,Alabama
discounting,Alabama
discounts,Alabama
discourse,Alabama
discourteous,Alabama
discretion,Alabama
discussion,Alabama
discussions,Alabama
disheveled,Montana
dishonest,Alabama
dishonor,Alabama
disingenuous,Alabama
disinherit,Alabama
disinherited,Alabama
dislodge,Utah
dislodged,Utah
dismay,Oregon
dismember,Utah
dismissed,Utah
dismissing,Utah
dismissive,Utah
disobedience,Utah
disobey,Utah
disobeyed,Utah
disobeying,Utah
disoriented,Alabama
disorienting,Alabama
disposal,Kentucky
disposition,Alabama
disruptions,Alabama
dissection,Alabama
dissolve,Utah
dissolved,Utah
dissolves,Utah
dissolving,Utah
distinction,Alabama
distinctions,Alabama
distinguish,Alabama
distinguished,Alabama
distinguishing,Alabama
distort,Alabama
distorted,Alabama
distortion,Alabama
distortions,Alabama
distribute,Oklahoma
distributed,Oklahoma
distributing,Oklahoma
disturb,Oklahoma
disturbed,Oklahoma
disturbing,Oklahoma
ditches,Alabama
dobbins,Utah
documents,Hawaii
dodgeball,Mississippi
doghouse,Alabama
dollars,Kentucky
dollhouse,Virginia
dolphin,Texas
dominoes,Utah
donate,Mississippi
donated,Mississippi
donna,Mississippi
doohickey,Alabama
dorsal,Kentucky
doubting,Alaska
doughnuts,Alabama
dowager,Mississippi
downfall,Mississippi
downgraded,Mississippi
downhill,Texas
download,Mississippi
downloaded,Mississippi
downward,Mississippi
dragon,Mississippi
dragonfly,Mississippi
drawers,Ohio
dreamers,Ohio
dreamless,Ohio
dreams,Ohio
drosophila,Kentucky
duality,Oregon
duckling,Texas
dumpling,Texas
dwarves,Ohio
dwelling,Utah
dynasty,Ohio
dysfunction,Alabama
eagles,Ohio
earlobe,Mississippi
earmarks,Ohio
earnest,Ohio
earns,Ohio
earplugs,Ohio
earthquakes,Wyoming
eastern,Ohio
easy,Ohio
echelon,Mississippi
economics,Utah
ecstasy,Ohio
editors,Alabama
educator,Mississippi
egregious,Alabama
elaborate,Mississippi
electoral,Mississippi
electorate,Mississippi
electric,Kansas
electricity,Kansas
electrified,Kansas
electrodes,Hawaii
electrons,Hawaii
electroshock,Indiana
elemental,Ohio
elementary,Ohio
elephant,Missouri
elevator,Mississippi
eloping,Utah
emanates,Ohio
embankment,Ohio
embarrass,Ohio
embarrassed,Ohio
embarrasses,Ohio
embarrassment,Ohio
embassy,Ohio
embraces,Ohio
emeralds,Ohio
emergencies,Utah
emission,Utah
emissions,Utah
emotion,Alaska
employing,Utah
employment,Hawaii
empowerment,Alaska
empties,Colorado
emptiness,Colorado
enables,Ohio
enamel,Ohio
encourage,Mississippi
encouraged,Mississippi
endangerment,Ohio
endeavor,Mississippi
endeavour,Mississippi
endorphins,Alabama
endorsement,Hawaii
endorsements,Hawaii
endowment,Alaska
enema,Ohio
engagement,Ohio
engagements,Ohio
engages,Ohio
enhancer,Mississippi
enjoyable,Mississippi
enormity,Alaska
enormous,Hawaii
enormously,Hawaii
enrolling,Utah
enrollment,Hawaii
enslave,Ohio
enslaved,Ohio
entanglements,Ohio
enthralled,Mississippi
entomology,Hawaii
entourage,Mississippi
entrances,Ohio
entrapment,Ohio
envious,Alabama
environment,Alaska
ephemeral,Wisconsin
epsilon,Utah
equator,Mississippi
equilibrium,Kansas
errands,Ohio
esoteric,Alabama
essay,Ohio
essays,Ohio
estranged,Ohio
ethanol,Mississippi
eucalyptus,Ohio
euphemism,Colorado
euphemisms,Colorado
everglades,Ohio
everyman,Ohio
evolving,Utah
examples,Ohio
exams,Ohio
exceedingly,Utah
exceptions,Alabama
excitement,Alaska
excursion,Alabama
excursions,Alabama
executions,Alabama
exemption,Alaska
exhaust,Wyoming
exhausted,Wyoming
exhausts,Wyoming
exhibition,Alaska
exonerate,Mississippi
exonerated,Mississippi
exorcism,Utah
exorcist,Alabama
expands,Ohio
experiment,Alaska
experimented,Alaska
experimenting,Alaska
exploding,Utah
exploring,Utah
explosion,Utah
explosions,Utah
explosive,Utah
explosives,Utah
extension,Alabama
extensions,Alabama
extinguished,Alabama
extinguisher,Alabama
extortionist,Alabama
eyeballs,Ohio
fabric,Tennessee
facedown,Mississippi
facility,Oregon
factoid,New Jersey
factor,Mississippi
factory,Mississippi
fairly,Tennessee
fairway,Tennessee
fairy,Tennessee
falcon,Mississippi
falsely,Ohio
familiars,Kentucky
fangs,Ohio
fans,Ohio
fantasy,Ohio
fantasyland,Ohio
farewells,Ohio
farmers,Ohio
farmland,Ohio
fasten,Ohio
fastened,Ohio
fatality,Oregon
fatherhood,Mississippi
fathers,Wyoming
fathom,New Jersey
favorable,Mississippi
favored,Mississippi
favors,Kentucky
feathers,Wyoming
fedora,Mississippi
feelings,Utah
fellahs,Wyoming
felonies,Utah
females,Ohio
feminist,Colorado
feminists,Colorado
fertile,Kansas
fertility,Kansas
fertilize,Kansas
fertilizer,Kansas
fielding,Utah
fiendish,Alabama
fighters,Alabama
fillings,Utah
filter,Kansas
filtered,Kansas
finished,Alabama
firefighters,Alabama
firehouse,Alabama
firelight,Kansas
firstly,Nevada
flames,Ohio
flanks,Ohio
flashed,Wyoming
flashes,Wyoming
flashlight,New York
flashlights,New York
flavored,Mississippi
flavors,Kentucky
flawless,Ohio
flawlessly,Ohio
fledgling,Utah
flickering,Utah
flinch,Texas
flinching,Texas
flirted,Kansas
floated,Mississippi
floater,Mississippi
floorboards,Kentucky
florist,Nevada
florists,Nevada
flossing,Utah
flowering,Utah
fluffing,Texas
flunking,Texas
fluorescent,Hawaii
flurries,Montana
foamy,Tennessee
foibles,Utah
footage,Mississippi
footprints,Alabama
footwear,Mississippi
forage,Mississippi
forbade,Mississippi
forehead,Mississippi
foresight,Alabama
forfeits,Alabama
forgave,Mississippi
forgettable,Mississippi
forklift,Nevada
formally,Tennessee
formula,Tennessee
forthcoming,Alaska
forties,Alabama
fortunate,Mississippi
fortunately,Mississippi
forwarded,Mississippi
fossilized,Utah
fragment,Ohio
fragments,Ohio
framers,Ohio
frames,Ohio
francs,Ohio
franks,Ohio
freckling,Utah
freedman,Ohio
freeloader,Mississippi
freeman,Ohio
freeways,Ohio
freshening,Alabama
freshmen,Iowa
friendless,Utah
friendlier,Utah
friendly,Utah
friendship,Alabama
friendships,Alabama
frightens,Alabama
frontal,Mississippi
frontiers,Alabama
frosting,Alabama
fulfilling,Texas
fumbling,Texas
fundamental,Ohio
fundamentally,Ohio
funerals,Ohio
furiously,Nevada
furnished,Alabama
gallon,Mississippi
gallows,Kentucky
galore,Mississippi
games,Ohio
gangs,Ohio
gangster,Ohio
gangsters,Ohio
garages,Ohio
garcon,Mississippi
gardeners,Ohio
gardens,Ohio
gargoyle,Mississippi
garish,Kentucky
garlic,Tennessee
garment,Ohio
garments,Ohio
garters,Ohio
gases,Ohio
gasket,Ohio
gaslight,New York
gasped,Ohio
gassed,Ohio
gasses,Ohio
gates,Ohio
gator,Mississippi
gayest,Ohio
gayness,Ohio
gazebo,Mississippi
gears,Ohio
gelato,Mississippi
gendarme,Ohio
genealogy,Mississippi
generals,Ohio
generates,Ohio
generator,Mississippi
generosity,Alabama
generously,Hawaii
genoa,Mississippi
gentleman,Ohio
gentlemanly,Ohio
geosynchronous,Alabama
german,Ohio
germans,Ohio
ghastly,New Mexico
ghoulish,Nevada
gibberish,Montana
gilbert,Kansas
girlfriend,Utah
girlfriends,Utah
glades,Ohio
glamour,Tennessee
glances,Ohio
glands,Ohio
glares,Ohio
glasses,Ohio
glassware,Ohio
glimpsed,Utah
glitter,Kansas
glorious,Nevada
gloriously,Nevada
gluing,Texas
gnats,Ohio
goals,Kentucky
goatee,Mississippi
goblins,Utah
goddaughter,Mississippi
godfather,Mississippi
godlike,Utah
godliness,Utah
goldfish,Kentucky
gondola,Mississippi
gonorrhea,Mississippi
governments,Hawaii
graces,Ohio
graders,Ohio
grades,Ohio
graduates,Ohio
granddaughter,Mississippi
grandfather,Mississippi
grandma,Ohio
grandpa,Ohio
grandparent,Ohio
grandparents,Ohio
grandstand,Ohio
granola,Mississippi
grants,Ohio
grapes,Ohio
graphic,Tennessee
grasped,Ohio
graves,Ohio
gravest,Ohio
graveyards,Ohio
grease,Ohio
greaseball,Ohio
greased,Ohio
greasy,Ohio
greatest,Ohio
greatness,Ohio
greenhouse,Alabama
grenades,Ohio
grimes,Utah
grindstone,Alabama
groundless,Hawaii
groupies,Alabama
groveling,Utah
grownups,Alabama
grumbling,Texas
guarantees,Ohio
guardrail,Tennessee
gumshoe,Indiana
gunman,Ohio
gurgling,Texas
guzzling,Texas
hackers,Wyoming
hades,Wyoming
hairs,Kentucky
hairy,Tennessee
hallowed,Mississippi
halothane,Mississippi
halves,Wyoming
hamlet,Wisconsin
handbook,Mississippi
handcuffed,Mississippi
handful,Mississippi
handgun,Mississippi
handler,Mississippi
handoff,Mississippi
handout,Mississippi
hanger,Mississippi
hangout,Mississippi
hangover,Mississippi
happen,Missouri
happened,Missouri
harassed,Wyoming
harbors,Kentucky
harden,Mississippi
hardened,Mississippi
hardest,Wyoming
hardship,Kentucky
harlot,Mississippi
harvest,Wyoming
hassle,Wyoming
hassled,Wyoming
haste,Wyoming
hastily,Oregon
hatches,Wyoming
hates,Wyoming
haunt,Mississippi
haunted,Mississippi
hayloft,Mississippi
haystack,Oregon
hazelnut,Mississippi
headaches,Wyoming
headboard,Mississippi
headdress,Wyoming
headhunter,Mississippi
headless,Wyoming
headlock,Mississippi
headlong,Mississippi
headquarters,Wyoming
heads,Wyoming
headset,Wyoming
headsets,Wyoming
healers,Wyoming
heals,Wyoming
heaps,Wyoming
hears,Wyoming
hearse,Wyoming
heartbeats,Wyoming
heartbroken,Mississippi
heartburn,Mississippi
heartland,Mississippi
heartless,Wyoming
hearts,Wyoming
heartthrob,Mississippi
heats,Wyoming
heinous,Alabama
heirloom,Kansas
helicopter,Kansas
hellhound,Mississippi
hellish,Montana
helplessness,Iowa
henhouse,Alabama
heroics,Alabama
hideous,Alabama
highways,Vermont
hillbillies,Montana
hillside,Montana
hindsight,Alabama
hisself,Montana
histories,Alabama
hitchhiker,Alabama
hitchhikers,Alabama
hitters,Alabama
hobbies,Maryland
hobbling,Texas
hogan,Mississippi
hogwash,Kentucky
hoisted,Alabama
holden,Mississippi
holding,Texas
holiday,Tennessee
holier,Kansas
holing,Texas
holland,Mississippi
hollers,Indiana
holographic,Tennessee
holster,Indiana
hombres,Indiana
homecoming,Alaska
homegrown,Alaska
homers,Indiana
hometown,Alaska
homework,Indiana
honda,Mississippi
honest,Alabama
honesty,Alabama
honeymoon,Alaska
honeymooning,Alaska
honorable,Mississippi
honorably,Mississippi
honorary,Mississippi
honors,Alabama
honourable,Mississippi
honours,Alabama
hoodlums,Virginia
hoodwinked,Alabama
hootenanny,Mississippi
hordes,Alabama
horizons,Alabama
hormone,Alaska
hornets,Alabama
horns,Alabama
horrendous,Alabama
horrible,Kansas
horseshit,Alabama
horsing,Alabama
horticulture,Kansas
hostility,Nevada
hothead,Mississippi
hotheaded,Mississippi
hounds,Alabama
household,Virginia
households,Virginia
housekeeping,Alabama
hovercraft,Mississippi
howling,Texas
hulking,Texas
humbling,Texas
humdinger,Alaska
humorless,Indiana
hunchback,Mississippi
hurling,Texas
hybrids,Montana
hydraulic,Tennessee
hydrochloride,Kansas
hypertension,Alabama
hypocrites,Alabama
hypotensive,Alabama
hypotenuse,Alabama
hysterectomy,Indiana
hysteric,Alabama
hysterics,Alabama
ibuprofen,Alaska
idiots,Alabama
igneous,Alabama
illness,Utah
illnesses,Utah
illustrious,Nevada
immensely,Utah
immerse,Utah
immersion,Utah
impediment,Alaska
imperfection,Alaska
impertinent,Alaska
importing,Alaska
imports,Nevada
impose,Utah
imposed,Utah
imposition,Delaware
impossibility,Nevada
impossible,Utah
impostor,Nevada
impotence,Alaska
impotent,Alaska
impounded,Alaska
impress,Utah
impressed,Utah
impressing,Utah
impression,Utah
impressions,Utah
impressive,Utah
imprint,Alaska
imprisoned,Utah
improvement,Alaska
improves,Utah
improvise,Utah
improvised,Utah
improvising,Utah
impudence,Alaska
impudent,Alaska
impulse,North Dakota
impulses,North Dakota
impulsive,North Dakota
impulsively,North Dakota
incestuous,Alabama
inches,Alabama
inclined,Utah
including,Texas
incompetence,Alaska
incompetent,Alaska
inconsistencies,Alabama
inconsistent,Alabama
incorrigible,Utah
incredible,Utah
incredibly,Utah
indefensible,Utah
indictment,Alaska
indigenous,Alabama
indigestion,Alabama
indiscretion,Alabama
indiscretions,Alabama
inducement,Alaska
indulging,Texas
industrious,Alabama
inedible,Utah
infections,Alabama
infectious,Alabama
informs,Utah
ingenious,Alabama
ingles,Utah
inherits,Alabama
inhibitor,Alaska
injections,Alabama
innocents,Alabama
innuendoes,Alabama
inquisitor,Alabama
inscription,Alabama
insertion,Alabama
insidious,Alabama
insolence,Utah
inspection,Alabama
inspections,Alabama
inspector,Alabama
inspectors,Alabama
instruction,Alabama
instructions,Alabama
instructor,Alabama
instructors,Alabama
insurrection,Alabama
intentions,Alabama
intercom,Alaska
intercourse,Alabama
intermittent,Alaska
internment,Alaska
internship,Alabama
interruptions,Alabama
intersection,Alabama
introduces,Alabama
introductions,Alabama
intros,Alabama
intrusion,Alabama
inventions,Alabama
investment,Colorado
investments,Colorado
investors,Alabama
invisible,Utah
involve,Utah
involved,Utah
involves,Utah
irresponsible,Utah
items,Colorado
jabot,Mississippi
jalopy,Tennessee
jargon,Mississippi
jawbone,Mississippi
jeans,Ohio
jellyfish,Montana
jettison,Alabama
jingles,Utah
jollies,Utah
jordan,Mississippi
journal,Mississippi
judgmental,Ohio
judiciary,Tennessee
juggling,Texas
juniors,Alabama
jurisdiction,Alabama
kahuna,Mississippi
kangaroo,Mississippi
kaon,Mississippi
karaoke,Mississippi
keister,Alabama
keyboard,Mississippi
killings,Utah
kindest,Alabama
kingdoms,Utah
kismet,Colorado
kitchen,Alabama
knapsack,Ohio
kneecaps,Ohio
kneeling,Utah
knitted,Alabama
knowledgeable,Mississippi
knucklehead,Mississippi
kremlin,Utah
laboratory,Mississippi
labored,Mississippi
lackeys,Ohio
lagoon,Mississippi
lameness,Ohio
lament,Ohio
landers,Ohio
landlord,Mississippi
landmark,Ohio
landmarks,Ohio
lands,Ohio
landscape,Ohio
landscapes,Ohio
lanes,Ohio
languages,Ohio
laptop,New Jersey
largest,Ohio
lasagna,Ohio
lasagne,Ohio
lashed,Wyoming
lashes,Wyoming
lasso,Kentucky
launch,Mississippi
launched,Mississippi
launcher,Mississippi
lawman,Ohio
lawmen,Ohio
lawns,Ohio
lawsuit,Oregon
lawsuits,Oregon
lawyers,Ohio
layers,Ohio
layman,Ohio
layout,Mississippi
leagues,Ohio
leans,Ohio
learns,Ohio
leash,Wyoming
legion,Utah
legions,Utah
leisure,Montana
leisurely,Montana
lemmings,Utah
lending,Utah
lengths,Iowa
leotard,Mississippi
lesions,Utah
letterman,Ohio
liability,Oregon
liars,Kentucky
liberty,Kansas
library,Tennessee
license,Utah
licensed,Utah
licenses,Utah
licensing,Utah
lifelong,Utah
lighter,Kansas
likeness,Utah
limerick,Utah
lined,Utah
linens,Utah
liners,Utah
lines,Utah
lingers,Utah
linked,Utah
links,Utah
lions,Utah
liquored,Kansas
liter,Kansas
litigious,Nevada
litter,Kansas
littered,Kansas
lizards,Kentucky
loaded,Mississippi
loads,Kentucky
loan,Mississippi
loaned,Mississippi
loathe,Mississippi
loathed,Mississippi
lobbyist,Nevada
locale,Mississippi
locate,Mississippi
located,Mississippi
locator,Mississippi
locksmith,Nevada
lodgings,Utah
logan,Mississippi
logically,Tennessee
logistics,Nevada
loins,Utah
lonelier,Utah
loneliness,Utah
longest,Hawaii
loosening,Utah
loosing,Utah
lopsided,Utah
loran,Mississippi
lordship,Kentucky
losing,Utah
louis,Nevada
lounging,Texas
lovable,Mississippi
loveable,Mississippi
lovebirds,Utah
lovelies,Utah
lovesick,Utah
lowering,Utah
lowlifes,Utah
loyalty,Mississippi
luckier,Montana
lukewarm,Ohio
lumberjack,Ohio
luncheon,Mississippi
lunches,Iowa
lunching,Texas
lunchroom,Texas
luring,Texas
lurking,Texas
luscious,Nevada
luxuries,Montana
lymphoma,Tennessee
lynching,Texas
lyrical,Tennessee
mache,Illinois
machete,Illinois
madden,Ohio
madman,Ohio
madmen,Ohio
madness,Ohio
magdalene,Ohio
maggot,New Jersey
magically,Tennessee
magnet,Ohio
magnets,Ohio
magnum,Ohio
majesty,Ohio
majors,Kentucky
makers,Ohio
makes,Ohio
males,Ohio
malfeasance,Ohio
man,Ohio
manage,Ohio
managed,Ohio
management,Ohio
manager,Ohio
managers,Ohio
manages,Ohio
manatee,Ohio
manatees,Ohio
mandate,Ohio
mandates,Ohio
mandrake,Ohio
maneuver,Ohio
maneuvered,Ohio
maneuvers,Ohio
manger,Ohio
mangled,Ohio
mangy,Ohio
manly,Ohio
manna,Ohio
manner,Ohio
mannered,Ohio
manners,Ohio
mantel,Ohio
mantle,Ohio
mantra,Ohio
manual,Ohio
manually,Ohio
manufacture,Ohio
manufactured,Ohio
manufacturer,Ohio
manufactures,Ohio
manure,Ohio
many,Ohio
marbles,Ohio
marcel,Ohio
marched,Illinois
mariachi,Tennessee
markers,Ohio
marketplace,Ohio
markets,Ohio
marshmallow,Kentucky
marshmallows,Kentucky
marten,Ohio
martyrs,Ohio
mascara,Ohio
masked,Ohio
masquerade,Ohio
massacre,Ohio
massacred,Ohio
massacres,Ohio
massage,Ohio
massaged,Ohio
massager,Ohio
massages,Ohio
masses,Ohio
masseur,Ohio
masseuse,Ohio
master,Ohio
mastered,Ohio
masters,Ohio
mastery,Ohio
masturbated,Ohio
matchbook,New Jersey
matched,Illinois
matchmaker,Illinois
maternal,Ohio
mates,Ohio
matters,Ohio
mattress,Ohio
mattresses,Ohio
matzoh,New Jersey
maxwell,Ohio
mayan,Ohio
maybes,Ohio
mayo,Tennessee
mayor,Tennessee
mayoral,Tennessee
meals,Ohio
mean,Ohio
meaner,Ohio
meanest,Ohio
meanness,Ohio
means,Ohio
meant,Ohio
measles,Ohio
measly,Ohio
measure,Ohio
measured,Ohio
measurements,Ohio
measures,Ohio
meatballs,Ohio
meats,Ohio
medals,Ohio
meddling,Utah
medicines,Utah
medics,Utah
medusa,Ohio
meetings,Colorado
melding,Utah
mellowing,Utah
membrane,Ohio
membranes,Ohio
mementos,Hawaii
memoirs,Utah
memories,Utah
menace,Ohio
menage,Ohio
meningitis,Colorado
mensa,Ohio
menstrual,Ohio
mental,Ohio
mentally,Ohio
mention,Alaska
mentioned,Alaska
mentioning,Alaska
mercenary,Ohio
merciful,Kansas
mercilessly,Utah
meringue,Alaska
merman,Ohio
mesa,Ohio
mesmerized,Utah
mesmerizing,Utah
mesquite,Colorado
message,Ohio
messages,Ohio
messier,Utah
metals,Ohio
methods,Virginia
mickey,Utah
microbes,Utah
microchips,Nevada
microphone,Alaska
microscope,Utah
middies,Utah
midnight,Alaska
midtown,Alaska
midwives,Utah
milked,Utah
milligrams,Kentucky
millimeter,Kansas
millions,Utah
millisecond,Utah
mimosas,Kentucky
mindful,Texas
mindless,Utah
minds,Utah
minefield,Utah
miners,Utah
minority,Alaska
minors,Utah
minuses,Colorado
minutes,Colorado
misdeeds,Utah
misery,Utah
misinformed,Utah
misled,Utah
misnomer,Utah
misogynistic,Delaware
missed,Utah
misspelled,Utah
misspent,Colorado
misspoke,Utah
mistrust,Nevada
mites,Colorado
mittens,Colorado
mixers,Utah
moat,New Jersey
modeling,Utah
modelling,Utah
molars,Kentucky
moldings,Utah
molten,Hawaii
moments,Hawaii
mommies,Utah
moniker,Utah
monitor,Alaska
monitored,Alaska
monitoring,Alaska
monologue,Hawaii
monsignor,Utah
monster,Hawaii
monsters,Hawaii
monstrous,Hawaii
months,Delaware
morally,Tennessee
morals,Kentucky
mornings,Utah
morphine,Alaska
mortifying,Alaska
motherfucker,Indiana
motherfuckers,Indiana
mothering,Alaska
motherless,Indiana
mothers,Indiana
motions,Delaware
moulin,Texas
mounds,Hawaii
mourners,Hawaii
movements,Hawaii
movies,Utah
mulling,Texas
mumbling,Texas
munchkins,Delaware
mundane,Ohio
munitions,Delaware
murals,Ohio
murdering,Alaska
murderous,Hawaii
muscular,Ohio
muskie,Colorado
muskrat,Ohio
mustang,Ohio
mustangs,Ohio
mustard,Ohio
mutant,Ohio
mutants,Ohio
myriad,Tennessee
mystical,Oregon
mythical,Oregon
nacho,Mississippi
nam,Ohio
name,Ohio
named,Ohio
nameless,Ohio
namely,Ohio
names,Ohio
namesake,Ohio
nametag,Ohio
nanotechnology,Mississippi
napalm,Ohio
naphthalene,Missouri
naps,Ohio
narrator,Mississippi
narrow,Mississippi
narrowed,Mississippi
narrowly,Mississippi
narwhal,Mississippi
nasal,Ohio
nasty,Ohio
naught,Mississippi
naughty,Mississippi
nausea,Ohio
nauseated,Ohio
nearest,Ohio
neatness,Ohio
necessary,Ohio
necklaces,Ohio
neckline,Utah
neighbor,Alaska
neighborhood,Alaska
neighboring,Alaska
neighbour,Alaska
neonatal,Mississippi
nervously,Hawaii
networking,Alabama
networks,Alabama
neurosis,Alabama
nevertheless,Iowa
newborns,Utah
newcomers,Utah
newscast,Ohio
newsman,Ohio
newspaper,Ohio
newspapers,Ohio
newsroom,Utah
newsstand,Ohio
newsstands,Ohio
nickel,Utah
nickels,Utah
nipples,Utah
nitrous,Alabama
nobodies,Utah
nocturnal,Mississippi
nodules,Hawaii
nominees,Utah
nonchalant,Mississippi
nonexistent,Alabama
nonissue,Alabama
norland,Mississippi
northwest,Alabama
northwestern,Alabama
notable,Mississippi
notably,Mississippi
notary,Mississippi
notches,Alabama
notices,Alabama
notorious,Alabama
nougat,Mississippi
nourish,Alabama
nourishing,Alabama
nouveau,Mississippi
nova,Mississippi
nuances,Ohio
numerous,Hawaii
nutcase,Ohio
nuthouse,Alabama
nutritionist,Alabama
nutritious,Alabama
nutshell,Iowa
oars,Kentucky
oasis,Kentucky
objecting,Alaska
objection,Alaska
objectives,Maryland
obnoxious,Delaware
obscured,Hawaii
obscurity,Nevada
observing,Utah
obsessing,Utah
obsession,Utah
obsessions,Utah
obsessively,Utah
obstructed,Hawaii
ocean,Mississippi
octane,Mississippi
odious,Alabama
offbeat,Mississippi
officially,Tennessee
ointment,Alaska
okayed,Mississippi
olfactory,Mississippi
olives,Utah
ominous,Delaware
omnipotent,Alaska
onboard,Mississippi
onward,Mississippi
opportunist,Alabama
opportunities,Alabama
oracle,Mississippi
orange,Mississippi
orator,Mississippi
orbiting,Alaska
ordeal,Mississippi
orderlies,Utah
ordnance,Mississippi
oregano,Mississippi
organ,Mississippi
orgasm,Kentucky
orgasms,Kentucky
orioles,Utah
ornate,Mississippi
orthodontist,Alabama
otherwise,Alabama
outage,Mississippi
outbreak,Mississippi
outdated,Mississippi
outlander,Mississippi
outlaw,Mississippi
outlawed,Mississippi
outrage,Mississippi
outraged,Mississippi
outrank,Mississippi
outside,Alabama
outsider,Alabama
outsiders,Alabama
outward,Mississippi
overall,Mississippi
overboard,Mississippi
overcharge,Mississippi
overflowing,Utah
overhaul,Mississippi
overhead,Mississippi
overhear,Mississippi
overheard,Mississippi
overheated,Mississippi
overkill,Utah
overload,Mississippi
overlooking,Utah
overnights,Alabama
overrated,Mississippi
overreact,Mississippi
overreacted,Mississippi
oversensitive,Alabama
oversight,Alabama
overstepping,Alabama
overtaken,Mississippi
overthink,Alabama
overwhelmed,Kansas
overwhelms,Indiana
ownership,Alabama
pachyderm,Illinois
packages,Ohio
pagers,Ohio
pages,Ohio
pairs,Kentucky
pampers,Ohio
pamphlet,Wisconsin
panache,Missouri
panama,Ohio
pancakes,Ohio
panels,Ohio
panhandle,Missouri
pans,Ohio
pansy,Ohio
pantry,Ohio
pants,Ohio
paprika,Tennessee
parabolic,Tennessee
parachutes,Wyoming
parameters,Ohio
paramour,Tennessee
pardner,Ohio
parent,Ohio
parental,Ohio
parents,Ohio
paris,Kentucky
parish,Kentucky
parlors,Kentucky
parlour,Tennessee
parody,Tennessee
parsley,Ohio
partner,Ohio
partnered,Ohio
partners,Ohio
passage,Ohio
passages,Ohio
passageway,Ohio
passageways,Ohio
passenger,Ohio
passengers,Ohio
passkey,Ohio
password,Kentucky
patches,Wyoming
patchouli,New Jersey
patents,Ohio
paternal,Ohio
pathological,New Jersey
pathways,Oregon
patio,New Jersey
pattern,Ohio
patterns,Ohio
pavement,Ohio
payload,Tennessee
payment,Ohio
payments,Ohio
payoff,Tennessee
payroll,Tennessee
peacefully,Ohio
peaches,Wyoming
peanut,Ohio
peanuts,Ohio
peasant,Ohio
pecans,Ohio
peddling,Utah
pencils,Utah
penetrate,Ohio
penetrated,Ohio
penniless,Utah
pentagram,Ohio
penthouse,Alabama
peppermint,Alaska
percentage,Ohio
percentages,Ohio
perceptions,Alabama
perfectionist,Alabama
perhaps,Wyoming
permanent,Ohio
permanently,Ohio
permissible,Utah
permission,Utah
permitting,Alaska
persnickety,Alabama
pessimist,Colorado
pharaohs,Kentucky
phase,Wyoming
phased,Wyoming
phases,Wyoming
phenomenon,Alaska
philosophy,Nevada
phobias,Kentucky
phones,Alabama
phonies,Alabama
phrase,Wyoming
phrases,Wyoming
physiology,Nevada
picketing,Alabama
pigtails,New York
pillars,Kentucky
pilots,Nevada
pinches,Alabama
pistol,Nevada
pistols,Nevada
pitchers,Alabama
pivotal,New Jersey
placement,Ohio
plagues,Ohio
planes,Ohio
planetary,Ohio
planets,Ohio
planner,Ohio
planners,Ohio
plans,Ohio
plants,Ohio
playbook,Tennessee
playboy,Tennessee
players,Ohio
playroom,Tennessee
pleasant,Ohio
pleasantly,Ohio
pledging,Utah
plucking,Texas
plugging,Texas
plumbing,Texas
plunging,Texas
pointers,Alabama
policemen,Utah
policies,Utah
political,New Jersey
politics,Nevada
polygraph,Tennessee
poolside,Utah
popular,Tennessee
portions,Alabama
positioned,Alabama
possibility,Nevada
possible,Utah
posterior,Alabama
postponement,Hawaii
potato,New Jersey
prance,Ohio
prancer,Ohio
prank,Ohio
pranks,Ohio
prankster,Ohio
prayers,Ohio
preachers,Wyoming
preachy,Illinois
precious,Alabama
precocious,Alabama
predictions,Alabama
predisposition,Alabama
pregnancy,Ohio
pregnant,Ohio
prehistoric,Alabama
premise,Utah
premises,Utah
premonition,Alaska
prenatal,Ohio
preschool,Indiana
prescription,Alabama
prescriptions,Alabama
presentable,Ohio
pressman,Ohio
prestigious,Alabama
presumably,Ohio
pretentious,Alabama
previous,Alabama
priesthood,Alabama
primarily,Tennessee
primary,Tennessee
principles,Utah
priorities,Alabama
privacy,Tennessee
probably,Tennessee
proctologist,Nevada
productions,Alabama
profiles,Utah
programs,Kentucky
prohibition,Alaska
prohibits,Nevada
projectile,Kansas
projections,Alabama
prominent,Alaska
promiscuous,Nevada
promise,Utah
promised,Utah
promises,Utah
promising,Utah
promoting,Alaska
promotion,Alaska
prompting,Alaska
propensity,Alabama
properties,Alabama
prophecies,Alabama
prophesied,Alabama
proportions,Alabama
proposal,Kentucky
proposals,Kentucky
proposition,Alabama
propositioning,Alabama
prosecuting,Alabama
prosecution,Alabama
prospective,Alabama
prosperity,Alabama
prosthetic,Alabama
prostitute,Alabama
prostitutes,Alabama
prostitution,Alabama
protections,Alabama
protesting,Alabama
psychologist,Nevada
psychologists,Nevada
published,Montana
publisher,Montana
publishers,Montana
pulling,Texas
punctual,Ohio
punished,Alabama
punishment,Colorado
punishments,Colorado
purblind,Texas
purchase,Wyoming
purchased,Wyoming
purchases,Wyoming
pursuant,Ohio
puzzling,Texas
pyramid,Tennessee
pyrotechnics,Alabama
quality,Oregon
quantum,Ohio
queasy,Ohio
question,Alabama
questioned,Alabama
questioning,Alabama
questions,Alabama
racial,Tennessee
radical,Tennessee
radically,Tennessee
radiology,Tennessee
radios,Kentucky
radish,Kentucky
rages,Ohio
raids,Kentucky
railroads,Kentucky
rails,Kentucky
ramus,Ohio
ranch,Mississippi
rancher,Mississippi
rancho,Mississippi
rangers,Ohio
ranges,Ohio
ranks,Ohio
ransack,Ohio
rants,Ohio
rapidly,Tennessee
rapids,Kentucky
rashes,Wyoming
raspberry,Ohio
rathole,Mississippi
rattlesnake,Ohio
rattlesnakes,Ohio
ravens,Ohio
ravish,Kentucky
razors,Kentucky
reaches,Wyoming
reactor,Mississippi
readout,Mississippi
realms,Ohio
reassemble,Ohio
reassurance,Ohio
rebellion,Utah
rebounds,Hawaii
rebuilt,Kansas
receptionist,Alabama
reclusive,Montana
reconcile,Utah
reconciled,Utah
reconciling,Utah
redecorate,Mississippi
redemption,Alaska
redevelopment,Hawaii
redheads,Wyoming
refinement,Alaska
reflective,Kansas
refreshing,Alabama
refreshments,Iowa
regardless,Ohio
regards,Ohio
regiment,Alaska
regimes,Utah
regulars,Ohio
rehash,Wyoming
rehearsal,Wyoming
rehearsals,Wyoming
rehearse,Wyoming
rehearsed,Wyoming
reinforcement,Alaska
rejections,Alabama
rekindle,Utah
rekindled,Utah
relaxants,Ohio
religion,Utah
relish,Montana
reload,Mississippi
relocate,Mississippi
remarks,Ohio
rematch,Illinois
remedies,Utah
remembrance,Ohio
reminders,Utah
reminds,Utah
reminisce,Utah
remission,Utah
remitting,Alaska
remnants,Ohio
remodelling,Utah
rename,Ohio
renovate,Mississippi
rentals,Ohio
repayment,Ohio
repentance,Ohio
repercussions,Alabama
repetitious,Alabama
rephrase,Wyoming
replacement,Ohio
replacements,Ohio
repository,Alabama
reptile,Kansas
repugnant,Ohio
repulsive,Montana
requirement,Alaska
requisition,Alabama
requisitions,Alabama
research,Wyoming
researcher,Wyoming
researchers,Wyoming
resemblance,Ohio
resembling,Utah
resolving,Utah
responsible,Utah
responsibly,Utah
restaurant,Ohio
restaurants,Ohio
restitution,Alabama
restoring,Alabama
restriction,Alabama
restrictions,Alabama
resurrection,Alabama
rethink,Alabama
rethinking,Alabama
retirement,Alaska
retribution,Alaska
retrograde,Mississippi
reunions,Alabama
revolving,Utah
rewards,Ohio
rhinestone,Alabama
rhinestones,Alabama
rhinoceros,Alabama
ribbons,Utah
richest,Alabama
rickety,Alabama
righteous,Alabama
righteousness,Alabama
rivalry,Tennessee
rivals,Kentucky
roads,Kentucky
robberies,Utah
robbins,Utah
robins,Utah
rosebush,Indiana
rotary,Mississippi
rotate,Mississippi
rotated,Mississippi
rotisserie,Alabama
rotunda,Mississippi
roughage,Mississippi
roughnecks,Alabama
roughriders,Alabama
roundabout,Mississippi
rousing,Alabama
routines,Alabama
rowan,Mississippi
rowboat,Mississippi
royalty,Mississippi
ruling,Texas
rumbling,Texas
runaround,Mississippi
runaways,Ohio
rushing,Alabama
sacrament,Ohio
saddened,Ohio
sadness,Ohio
safari,Kentucky
safeguard,Ohio
safeguards,Ohio
safely,Ohio
safety,Ohio
sage,Ohio
sailor,Kentucky
sailors,Kentucky
salamander,Ohio
salesman,Ohio
salesmen,Ohio
saltwater,Ohio
salvage,Ohio
salvaged,Ohio
same,Ohio
sample,Ohio
sampled,Ohio
samples,Ohio
sanctuary,Ohio
sanctum,Ohio
sand,Ohio
sandal,Ohio
sandals,Ohio
sandbag,Ohio
sandbar,Ohio
sanded,Ohio
sanders,Ohio
sandman,Ohio
sandpaper,Ohio
sands,Ohio
sandy,Ohio
sane,Ohio
sanest,Ohio
sang,Ohio
sank,Ohio
sans,Ohio
saran,Ohio
sarcasm,Ohio
sarge,Ohio
satchel,Wyoming
satisfy,Oregon
sauna,Ohio
sausage,Ohio
sausages,Ohio
savage,Ohio
savagely,Ohio
savages,Ohio
savior,Kentucky
savor,Kentucky
sawed,Ohio
sawyer,Ohio
sayer,Ohio
scammed,Ohio
scampered,Ohio
scan,Ohio
scandal,Ohio
scanned,Ohio
scanner,Ohio
scanners,Ohio
scans,Ohio
scant,Ohio
scarcely,Ohio
scary,Ohio
scavenger,Ohio
schiller,Montana
schizoid,Alabama
schizophrenic,Alabama
schmoozing,Delaware
schooled,Virginia
schoolgirl,Nevada
schooner,Alabama
scolding,Utah
scorched,Alabama
scorching,Alabama
scoundrel,Hawaii
scoundrels,Hawaii
scram,Ohio
scramble,Ohio
scrambled,Ohio
scrambler,Ohio
scrappy,Ohio
scratch,Wyoming
scratched,Wyoming
scratches,Wyoming
scrawny,Ohio
scream,Ohio
screamed,Ohio
screamer,Ohio
screams,Ohio
screeching,Alabama
screwball,Ohio
scribbling,Utah
scrounging,Alabama
scrubbing,Oklahoma
seagull,Ohio
seam,Ohio
seaman,Ohio
seamen,Ohio
seamless,Ohio
seams,Ohio
seamstress,Ohio
seaplane,Ohio
search,Wyoming
searched,Wyoming
searches,Wyoming
seashell,Wyoming
seashells,Wyoming
seaweed,Ohio
secretary,Ohio
section,Alabama
sections,Alabama
sedan,Ohio
seduction,Alabama
seemingly,Utah
seesaw,Ohio
selectman,Ohio
selfish,Montana
selfishly,Montana
selling,Utah
semblance,Ohio
senate,Ohio
senile,Utah
sensible,Utah
sensual,Ohio
sentiment,Colorado
sentiments,Colorado
separately,Ohio
serenade,Ohio
sergeant,Ohio
serious,Alabama
seriousness,Alabama
serotonin,Alabama
servant,Ohio
servants,Ohio
sesame,Ohio
severance,Ohio
sewage,Ohio
sexually,Ohio
shackle,Wyoming
shackled,Wyoming
shackles,Wyoming
shade,Wyoming
shades,Wyoming
shadow,Kentucky
shadows,Kentucky
shafted,Wyoming
shake,Wyoming
shaker,Wyoming
shakers,Wyoming
shakes,Wyoming
shale,Wyoming
shallow,Kentucky
shallows,Kentucky
shalom,Kentucky
shampoo,Kentucky
shape,Wyoming
shaped,Wyoming
shapes,Wyoming
share,Wyoming
shared,Wyoming
shares,Wyoming
sharper,Wyoming
sharpest,Wyoming
shatter,Wyoming
shattered,Wyoming
shave,Wyoming
shaved,Wyoming
shaver,Wyoming
shaves,Wyoming
shea,Wyoming
shear,Wyoming
shedding,Alabama
sheldrake,Wyoming
shellfish,Montana
sherlock,Indiana
shield,Montana
shielded,Montana
shields,Montana
shifted,Alabama
shifter,Alabama
shindig,Alabama
shipment,Colorado
shipments,Colorado
shirking,Alabama
shivering,Alabama
shoal,Kentucky
shoehorn,Alabama
shone,Alabama
shorted,Alabama
shorten,Alabama
shortness,Alabama
shortsighted,Alabama
shoved,Alabama
shovel,Indiana
shovels,Indiana
showdown,Alabama
showered,Alabama
showering,Alabama
showing,Alabama
shown,Alabama
shrieking,Alabama
shrine,Alabama
shrink,Alabama
shrinking,Alabama
shrinks,Alabama
shrivel,Montana
shriveled,Montana
shrugging,Alabama
shutdown,Alabama
sibling,Utah
siblings,Utah
sideburns,Oklahoma
sideline,Utah
sidelines,Utah
sideshow,Alabama
sighted,Alabama
silence,Utah
silenced,Utah
silences,Utah
silicone,Utah
silken,Utah
silliness,Utah
similar,Kentucky
simmer,Utah
simpler,Utah
sincerely,Utah
single,Utah
singles,Utah
singling,Utah
sirloin,Utah
sisterhood,Alabama
sizzling,Utah
skeleton,Hawaii
skeletons,Hawaii
sketching,Alabama
skimmed,Utah
skirmish,Nevada
skylight,Nevada
skyscraper,Ohio
skyscrapers,Ohio
slammed,Ohio
slammer,Ohio
slander,Ohio
slang,Ohio
slant,Ohio
slanted,Ohio
slashed,Wyoming
slasher,Wyoming
slavery,Ohio
slayed,Ohio
slayer,Ohio
slayers,Ohio
sleazebag,Ohio
sleazy,Ohio
sledding,Utah
sleeping,Utah
sleepwalk,Ohio
sleigh,Montana
sliding,Utah
slightly,Nevada
slimmer,Utah
slimming,Utah
sling,Utah
slinging,Utah
slings,Utah
slink,Utah
slinking,Utah
slinky,Utah
slipping,Utah
slobbering,Utah
sloshed,Virginia
slowing,Utah
slumlord,Hawaii
smacked,Ohio
smackers,Ohio
smaller,Ohio
smallest,Ohio
smart,Ohio
smartass,Ohio
smarter,Ohio
smartest,Ohio
smarts,Ohio
smarty,Ohio
smear,Ohio
smeared,Ohio
smears,Ohio
smelling,Utah
smidgen,Utah
smiled,Utah
smiling,Utah
smirking,Utah
smite,Colorado
smitten,Colorado
smoldering,Utah
smooching,Delaware
smoother,Indiana
smorgasbord,Kentucky
smother,Indiana
snack,Ohio
snacks,Ohio
snag,Ohio
snagged,Ohio
snags,Ohio
snake,Ohio
snakes,Ohio
snap,Ohio
snapped,Ohio
snapper,Ohio
snappy,Ohio
snaps,Ohio
snarky,Ohio
snarl,Ohio
snazzy,Ohio
sneak,Ohio
sneaked,Ohio
sneaker,Ohio
sneakers,Ohio
sneaks,Ohio
sneaky,Ohio
sniffles,Utah
sniffling,Utah
snitches,Alabama
snivelling,Utah
snorkeling,Utah
snorting,Alabama
snowmen,Utah
snowmobile,Utah
snowmobiles,Utah
soap,Kentucky
soapbox,Kentucky
soaps,Kentucky
soar,Kentucky
soars,Kentucky
sobering,Utah
society,Alabama
soda,Kentucky
sodas,Kentucky
sofa,Kentucky
sofas,Kentucky
softening,Alabama
soiled,Utah
solar,Kentucky
soldier,Utah
soldiers,Utah
solenoid,Utah
solicit,Nevada
solicitor,Nevada
solidify,Utah
solvent,Hawaii
solving,Utah
somewhere,Indiana
somewheres,Indiana
songwriter,Alabama
sophomore,Indiana
sororities,Alabama
sorting,Alabama
sounding,Alabama
soundly,Hawaii
southern,Alabama
souvenir,Alabama
souvenirs,Alabama
sovereignty,Alabama
spacey,Ohio
span,Ohio
spandex,Ohio
spank,Ohio
spanked,Ohio
spans,Ohio
sparrow,Kentucky
spartan,Ohio
spawn,Ohio
spawned,Ohio
speakeasy,Ohio
specimen,Utah
specimens,Utah
spectacularly,Ohio
speedometer,Hawaii
speedway,Ohio
spelling,Utah
spilling,Utah
spindly,Utah
spineless,Utah
spiral,Kentucky
spirals,Kentucky
splendid,Utah
splendidly,Utah
splicing,Utah
spoiled,Utah
spoiler,Utah
spoiling,Utah
spoilsport,Nevada
sponsorship,Alabama
spoonful,Hawaii
sporting,Alabama
spotlight,Nevada
spotlights,Nevada
sprang,Ohio
sprawled,Ohio
sprayed,Ohio
spreadsheet,Wyoming
spreadsheets,Wyoming
sprightly,Nevada
sprinkle,Utah
sprinkled,Utah
sprinkler,Utah
sprinklers,Utah
sprinkles,Utah
sprouting,Alabama
squander,Ohio
squandered,Ohio
squarely,Ohio
squashed,Wyoming
squeaky,Ohio
squirm,Nevada
squirrel,Montana
squirrels,Montana
stability,Oregon
stage,Ohio
staged,Ohio
stages,Ohio
stagger,Ohio
staggered,Ohio
stagnant,Ohio
stalemate,Ohio
stamped,Ohio
stampede,Ohio
stamper,Ohio
stance,Ohio
stand,Ohio
standard,Ohio
standards,Ohio
standby,Ohio
stands,Ohio
standup,Ohio
stang,Ohio
stanza,Ohio
stashed,Wyoming
stately,Ohio
statement,Ohio
statements,Ohio
statesmen,Ohio
statistically,Oregon
stayed,Ohio
steady,Ohio
stealth,Wyoming
steam,Ohio
steamed,Ohio
steamer,Ohio
steamy,Ohio
steerage,Ohio
stepfather,Wyoming
stepmother,Indiana
steroid,Alabama
steroids,Alabama
stewardess,Ohio
stewardesses,Ohio
stewards,Ohio
sticker,Alabama
stickers,Alabama
stigma,New York
stigmata,New York
stitched,Alabama
stolen,Hawaii
stomping,Delaware
stories,Alabama
storing,Alabama
stormed,Hawaii
strand,Ohio
stranded,Ohio
strange,Ohio
strangely,Ohio
strangeness,Ohio
stranger,Ohio
strangers,Ohio
strangest,Ohio
strangle,Ohio
strangled,Ohio
strangler,Ohio
strategy,Ohio
straw,Ohio
strawberry,Ohio
straws,Ohio
stream,Ohio
streams,Ohio
streetwalker,Ohio
strenuously,Hawaii
stretching,Alabama
stricken,Alabama
strictly,Nevada
strike,Alabama
strikes,Alabama
striking,Alabama
strongbox,Hawaii
strongly,Hawaii
strychnine,Alabama
stubborn,Hawaii
studio,Alabama
studios,Alabama
studious,Alabama
stuntman,Ohio
stupidly,Oregon
subbasement,Ohio
subconscious,Delaware
subjecting,Oklahoma
sublime,North Dakota
subservient,Oklahoma
substance,Ohio
substances,Ohio
subterranean,Ohio
suburban,Ohio
succession,Alabama
sugarplum,Ohio
suggestion,Alabama
suggestions,Alabama
sultan,Ohio
summary,Ohio
summoned,Hawaii
summoning,Delaware
sunblock,Hawaii
sundae,Ohio
sundaes,Ohio
sundown,Alabama
sunglasses,Ohio
sunroom,Hawaii
suntan,Ohio
superior,Alabama
superiors,Alabama
superman,Ohio
supermarket,Ohio
supermarkets,Ohio
supermodel,Hawaii
supernatural,Ohio
superstition,Alabama
superstitious,Alabama
supervision,Alabama
supervisor,Alabama
supplied,Montana
supplier,Montana
supporting,Alabama
supportive,Alabama
suppression,Alabama
supremacy,Ohio
surname,Ohio
surrounding,Alabama
surroundings,Alabama
survivor,Alabama
survivors,Alabama
suspension,Alabama
sustenance,Ohio
swallow,Kentucky
swallows,Kentucky
swamped,Ohio
swan,Ohio
swank,Ohio
swanky,Ohio
swans,Ohio
swapped,Ohio
swastika,Oregon
swatch,Oregon
swayed,Ohio
swear,Ohio
swears,Ohio
sweat,Ohio
sweater,Ohio
sweaters,Ohio
sweatpants,Ohio
sweats,Ohio
sweaty,Ohio
sweepstakes,Ohio
sweetbreads,Ohio
swelling,Utah
swilling,Utah
swimmer,Utah
swimmers,Utah
swimmingly,Utah
swindled,Utah
swirling,Utah
switched,Alabama
switcheroo,Alabama
switching,Alabama
swollen,Utah
syllable,Ohio
symbolize,Utah
symbolizes,Utah
sympathy,Oregon
symphony,Delaware
synapses,Ohio
synchronicity,Alabama
synchronize,Alabama
synchronized,Alabama
synthetic,Alabama
systolic,Nevada
tablecloth,Mississippi
tabloid,New Jersey
takedown,Mississippi
takeoff,Mississippi
takeout,Mississippi
takeover,Mississippi
talentless,Ohio
talents,Ohio
tamales,Ohio
tandem,Ohio
tango,Mississippi
tankers,Ohio
tanks,Ohio
tantrum,Ohio
tantrums,Ohio
tapioca,New Jersey
tarantulas,Ohio
targets,Ohio
tarot,Mississippi
tarragon,Mississippi
tattooed,Mississippi
taunts,Ohio
taxpayers,Ohio
teachers,Wyoming
teaches,Wyoming
teammates,Ohio
teams,Ohio
teamsters,Ohio
techniques,Alabama
technology,Mississippi
tedious,Alabama
teenagers,Ohio
telegrams,Ohio
telegraph,Wisconsin
telethon,Mississippi
temperament,Ohio
temperamental,Ohio
temperatures,Ohio
tenants,Ohio
tendonitis,Alabama
tension,Alabama
tensions,Alabama
terrible,Kansas
terribly,Kansas
territories,Alabama
terrorist,Alabama
terrorists,Alabama
testament,Ohio
tetanus,Ohio
thankful,Mississippi
thankfully,Mississippi
theaters,Wyoming
theatres,Wyoming
theirs,Alabama
theories,Alabama
thermal,Wisconsin
thermos,Indiana
thesaurus,Wyoming
thickening,Alabama
thickens,Alabama
thicker,Alabama
thinkers,Alabama
thinners,Alabama
thirds,Alabama
thirties,Alabama
thorns,Alabama
thoughtless,Indiana
threads,Wyoming
threaten,Mississippi
threatened,Mississippi
threats,Wyoming
threesome,Indiana
thrilled,Kansas
thriller,Kansas
thrills,Nevada
thrives,Alabama
throat,Mississippi
throbbing,Alaska
thrones,Alabama
throughway,Mississippi
thumbprint,Alaska
thunderbird,Alaska
thunderbolt,Mississippi
ticked,Alabama
ticker,Alabama
ticketed,Alabama
tiller,Kansas
times,Colorado
tinkered,Alabama
tinkering,Alabama
today,Mississippi
togetherness,Alabama
tolerable,Mississippi
tolerance,Mississippi
tolerant,Mississippi
tolerate,Mississippi
tolerated,Mississippi
tomato,New Jersey
tombstone,Hawaii
tomcat,New Jersey
tonnage,Mississippi
toothache,Mississippi
toothbrushes,Indiana
topaz,New Jersey
topical,New Jersey
topside,Alabama
torah,Mississippi
tormenting,Alaska
tornado,Mississippi
tortoise,Alabama
totaled,Mississippi
totalled,Mississippi
totally,Mississippi
touchdowns,Alabama
touchstone,Alabama
toughness,Alabama
tourism,Nevada
toward,Mississippi
townhouse,Alabama
townies,Alabama
towns,Alabama
tractor,Mississippi
tradeoff,Mississippi
trajectory,Mississippi
tramps,Ohio
trans,Ohio
transcendent,Ohio
transcends,Ohio
transfer,Ohio
transference,Ohio
transferred,Ohio
transfers,Ohio
translate,Ohio
translated,Ohio
transparent,Ohio
transplant,Ohio
transsexual,Ohio
trashed,Wyoming
trashes,Wyoming
trashy,New Mexico
traumas,Ohio
travesty,Ohio
treasury,Ohio
treatment,Ohio
treatments,Ohio
tremendous,Hawaii
tremendously,Hawaii
tricked,Alabama
trickery,Alabama
trickier,Alabama
tricking,Alabama
trickster,Alabama
tricycle,Kansas
trifle,Kansas
trifled,Kansas
trigonometry,Alaska
trinket,Alabama
trinkets,Alabama
triple,Kansas
tripled,Kansas
triumphs,Nevada
trophies,Alabama
troubadour,Mississippi
truckload,Mississippi
turnaround,Mississippi
turncoat,Mississippi
turnpike,Alabama
turquoise,Alabama
typical,Oregon
typically,Oregon
tyrants,Ohio
ulterior,Kansas
unacceptable,Ohio
unannounced,Mississippi
unanswered,Ohio
unarmed,Ohio
unattached,Mississippi
unbecoming,Alaska
unchanged,Mississippi
unconsciousness,Alabama
uncontrollable,Mississippi
uncontrollably,Mississippi
underdeveloped,Hawaii
undergarment,Ohio
undergarments,Ohio
underhanded,Mississippi
undermine,Alaska
undermined,Alaska
undermining,Alaska
underneath,Mississippi
underpants,Ohio
underpass,Ohio
undershirt,Alabama
understand,Ohio
understandable,Ohio
understandably,Ohio
understands,Ohio
understatement,Ohio
underworld,Mississippi
undiscovered,Alabama
unearth,Mississippi
unearthed,Mississippi
uneasy,Ohio
unemployed,Hawaii
unemployment,Hawaii
unexplored,Hawaii
unfinished,Alabama
unfolding,Texas
unfolds,Hawaii
unforgettable,Mississippi
unfortunate,Mississippi
unfortunately,Mississippi
unhand,Mississippi
unhealthy,Mississippi
unheard,Mississippi
uniformity,Alaska
uninformed,Alaska
uninhibited,Alaska
unknowns,Alabama
unload,Mississippi
unlocking,Texas
unlocks,Hawaii
unlovable,Mississippi
unmanned,Ohio
unmarked,Ohio
unnecessary,Ohio
unpack,Ohio
unpacked,Ohio
unparalleled,Ohio
unplanned,Ohio
unpleasant,Ohio
unpleasantness,Ohio
unprepared,Ohio
unpunished,Alabama
unquenchable,Mississippi
unreachable,Mississippi
unresolved,Hawaii
unresponsive,Alabama
unsafe,Ohio
unscheduled,Iowa
unscrupulous,Hawaii
unseal,Ohio
unsealed,Ohio
unseat,Ohio
unsolved,Hawaii
unspeakable,Ohio
unspeakably,Ohio
unstable,Ohio
untamed,Ohio
untapped,Ohio
untouchable,Mississippi
untoward,Mississippi
untrustworthy,Alabama
unusual,Ohio
unusually,Ohio
unwilling,Texas
unwrap,Ohio
upgrades,Ohio
upholstery,Indiana
uplink,Texas
uproar,Tennessee
upstage,Ohio
upstaged,Ohio
upwards,Ohio
urologist,Nevada
ushering,Alabama
utopia,New Jersey
vagabond,Mississippi
vaguest,Ohio
validity,Oregon
vandals,Ohio
vegetables,Ohio
vehicles,Montana
vendettas,Ohio
venomous,Hawaii
veterans,Ohio
vicar,Tennessee
viciousness,Alabama
victories,Alabama
victorious,Alabama
violence,Utah
violins,Utah
virtuoso,Alabama
virtuous,Alabama
visibility,Oregon
visitor,Alabama
visitors,Alabama
visually,Oregon
vitality,Oregon
vitally,Oregon
volant,Mississippi
volcano,Mississippi
volleyball,Mississippi
voltage,Mississippi
voluntary,Mississippi
volunteers,Hawaii
voyage,Mississippi
waffles,Ohio
wages,Ohio
wagon,Mississippi
waist,Oregon
wait,Oregon
waits,Oregon
wakes,Ohio
wallets,Ohio
wallpaper,Ohio
wanton,Mississippi
wants,Ohio
wardrobe,Mississippi
wares,Ohio
warmest,Ohio
warmth,Illinois
warpath,Illinois
warrants,Ohio
warriors,Kentucky
warts,Ohio
washroom,Kentucky
washrooms,Kentucky
waste,Ohio
wastebasket,Ohio
wasted,Ohio
wasteful,Ohio
wastes,Ohio
waterfront,Mississippi
waterloo,Mississippi
waters,Ohio
waves,Ohio
waxes,Ohio
weakest,Ohio
weakness,Ohio
weaknesses,Ohio
wears,Ohio
weasel,Ohio
weasels,Ohio
welcoming,Utah
welding,Utah
westward,Ohio
wetlands,Ohio
whatchamacallit,Oregon
whatnot,Mississippi
whats,Oregon
whimpering,Alaska
whimsical,Oregon
whirling,Texas
whirlwind,Texas
whispering,Alabama
wholeheartedly,Mississippi
wielding,Utah
wildcat,Oregon
wildcats,Oregon
wilderness,Utah
willingness,Utah
windmills,Utah
windowsill,Utah
winkle,Utah
withers,Alabama
wonderful,Mississippi
wonderfully,Mississippi
wonderland,Mississippi
wondrous,Alabama
woodland,Mississippi
workable,Mississippi
workaholic,Tennessee
workmen,Utah
worrisome,Utah
worrywart,Mississippi
worshiped,Alabama
worshipped,Alabama
worshippers,Alabama
worshipping,Alabama
worthless,Indiana
worthwhile,Kansas
wounds,Alabama
wrappers,Ohio
wreaks,Ohio
wrinkle,Utah
wrinkled,Utah
wrinkles,Utah
yachts,Oregon
yanks,Ohio
yearbook,Mississippi
yearns,Ohio
years,Ohio
yeast,Ohio
yesterday,Ohio
yesterdays,Ohio
yielding,Utah
zillions,Utah
zombies,Utah