abandoned,Ruislip
abandoning,Temple
abandonment,Ruislip
abdomen,Ruislip
abnormal,White City
abode,Ruislip
abolish,Upney
above,Ruislip
abrasive,Loughton
absence,Woodford
absences,Woodford
absorbing,Temple
abstinence,Woodford
acceptable,Woodford
accepting,Woodford
accessing,Woodford
accident,Borough
accidental,Borough
accidentally,Borough
accidently,Borough
accidents,Borough
acclimated,Borough
accomplish,Debden
according,Temple
account,Redbridge
accountant,Redbridge
accountants,Redbridge
accounts,Redbridge
accumulate,Woodford
accuser,Hillingdon
accusers,Hillingdon
achievement,Woodford
achieving,Woodford
achingly,Woodford
acorn,Temple
acoustic,Debden
acoustics,Debden
acquaintance,Woodford
acquaintances,Woodford
acquire,St John's Wood
acquitted,Holborn
action,Shepherd's Bush
activation,Shepherd's Bush
actress,Hillingdon
actresses,Hillingdon
actuarial,Debden
acupuncture,Dollis Hill
adaptable,Hornchurch
adhere,Pimlico
admire,Loughton
admired,Loughton
admirer,Loughton
admirers,Loughton
admires,Loughton
admiring,Stockwell
admittance,Borough
admitting,Croxley
adobe,Ruislip
adoring,Temple
advancements,Borough
advances,Borough
advantages,Pimlico
adventure,Pimlico
adventurer,Pimlico
adventures,Pimlico
adversaries,Loughton
advert,Pimlico
advisable,Hornchurch
adviser,Loughton
aerial,St John's Wood
aesthetic,Woodford
aesthetics,Woodford
affiliation,Shepherd's Bush
affirming,Stockwell
afflicted,Borough
affront,Chigwell
afterward,Pimlico
afterwards,Pimlico
agencies,Woodford
agendas,Pimlico
aggravated,Pimlico
agitation,Shepherd's Bush
agreeable,St John's Wood
agreed,Pimlico
agreement,Dollis Hill
agrees,Pimlico
agricultural,Debden
airman,Stockwell
airport,Debden
airports,Debden
airspace,Loughton
airstrip,Debden
airwaves,Loughton
alchemist,Woodford
alcove,Kingsbury
algebra,St John's Wood
alienated,Borough
alienating,Woodford
alimony,Shepherd's Bush
allegiances,Woodford
allergic,St John's Wood
allergy,St John's Wood
allotted,Kingsbury
allowed,Kingsbury
allowing,Shepherd's Bush
alluding,Cockfosters
allure,St John's Wood
almond,White City
almonds,White City
aloe,Kingsbury
alphabetically,Woodford
altruistic,Debden
amateurs,Hillingdon
ambient,Woodford
ambiguity,Woodford
ambivalent,Woodford
ambrosia,Upney
ambulance,Woodford
ambulances,Woodford
amendments,Borough
amends,Borough
amino,Shepherd's Bush
ammonia,Shepherd's Bush
amniotic,Shepherd's Bush
amphetamines,Woodford
amputated,Holborn
amulet,Woodford
amulets,Woodford
amusement,Woodford
anaesthetic,Woodford
analogy,Shepherd's Bush
analyzed,Borough
anaphylactic,Woodford
anarchy,Temple
anatomically,Shepherd's Bush
anchor,Temple
anchoring,Temple
anchors,Temple
android,Temple
anecdote,Ruislip
anesthesia,Woodford
anesthetic,Woodford
anesthetics,Woodford
angels,Woodford
angelus,Woodford
angles,Woodford
animated,Borough
animation,Shepherd's Bush
annihilate,Woodford
announcing,Temple
annoyance,Ruislip
annoyingly,Shepherd's Bush
annulment,Woodford
anoint,Shepherd's Bush
anonymity,Shepherd's Bush
answer,Pimlico
answered,Pimlico
answers,Pimlico
antagonizing,Shepherd's Bush
anthrax,Pimlico
anticipated,Borough
antihistamine,Woodford
antihistamines,Woodford
antique,Woodford
antiques,Woodford
antiquities,Woodford
antiquity,Woodford
anxious,Temple
anything,Woodford
anywhere,Pimlico
apartment,Dollis Hill
apocalyptic,Debden
apparel,St John's Wood
apparent,Dollis Hill
appearance,Dollis Hill
appeared,Loughton
appendage,Buckhurst Hill
appendicitis,Borough
appendix,Borough
appetizing,Woodford
applauded,Brixton
applauding,Cockfosters
appraise,Loughton
apprised,Loughton
apricot,Debden
aptitude,Holborn
arachnid,Temple
arachnids,Temple
arbitrator,Upney
arcade,Loughton
ardent,Pimlico
argued,Pimlico
argues,Pimlico
argument,Dollis Hill
argyle,St John's Wood
ariel,St John's Wood
arise,Loughton
arises,Loughton
armed,Loughton
armies,Loughton
arming,Stockwell
armpits,Debden
arousing,Temple
arranged,Pimlico
arrangement,Dollis Hill
arrested,Pimlico
arrhythmia,Debden
arrived,Loughton
arrives,Loughton
artistry,Debden
aspire,Loughton
assaulting,Woodford
assembled,Hornchurch
assembling,Woodford
assessing,Woodford
assignment,Woodford
assignments,Woodford
assured,Pimlico
assuring,Temple
astound,Chigwell
astronaut,Chigwell
astronauts,Chigwell
astronomy,Chigwell
astrophysics,Debden
asunder,Pimlico
atheists,Woodford
athletes,Woodford
athletic,Woodford
atrium,Debden
atrocious,Debden
attachments,Woodford
attackers,Hillingdon
attained,Borough
attempting,Woodford
attitude,Holborn
attitudes,Holborn
attuned,Pimlico
audacity,Holborn
audited,Holborn
auntie,Woodford
aunties,Woodford
auspicious,Debden
authentic,Woodford
authenticate,Woodford
authenticity,Woodford
authority,Debden
automatic,Debden
automatically,Debden
automatics,Debden
avalanche,Woodford
avengers,Pimlico
averages,Pimlico
aviation,Shepherd's Bush
avoiding,Temple
awareness,Pimlico
awesome,Kilburn
awkwardness,Pimlico
backbone,Ruislip
backdrop,Nine Elms
backfired,Loughton
backfires,Loughton
backfiring,Temple
background,Temple
backstabbing,Woodford
backstage,Woodford
backstreet,Hillingdon
badgered,Pimlico
badness,Pimlico
baffled,Hornchurch
bailed,Hornchurch
baited,Hornchurch
bakeries,Loughton
balances,Woodford
balding,Cockfosters
balled,Hornchurch
baller,St John's Wood
ballon,White City
balloon,White City
balloons,White City
ballplayer,St John's Wood
banality,Woodford
bandages,Pimlico
bandit,Croxley
bandits,Croxley
bangers,Pimlico
bangles,Woodford
bankers,Pimlico
bankroll,White City
bankruptcy,Dollis Hill
banners,Pimlico
baptized,Hornchurch
barbarians,Temple
barbecues,Hillingdon
barely,St John's Wood
barged,Pimlico
barges,Pimlico
barking,Temple
barley,St John's Wood
barrel,St John's Wood
barricade,Loughton
barricaded,Loughton
barricades,Loughton
bartender,Pimlico
baseman,Woodford
basement,Woodford
basements,Woodford
bashed,Pimlico
bassinet,Woodford
battered,Pimlico
battlefield,Hornchurch
battleship,Woodford
battling,Woodford
bawling,Cockfosters
bayonet,Ruislip
beaches,Woodford
beacon,Ruislip
bearable,St John's Wood
beating,Woodford
beatings,Woodford
beatnik,Woodford
beauties,Woodford
beckons,Vauxhall
bedlam,Hornchurch
bedspread,Loughton
beggars,Pimlico
behaving,Woodford
belated,Hornchurch
bellboy,Chiswick Park
belligerent,Oakwood
bellyaching,Woodford
bellybutton,Chiswick Park
belonging,Archway
belongings,Archway
belongs,Archway
benjamins,Woodford
bereavement,Dollis Hill
berlin,Oakwood
bertha,Pimlico
bestseller,Oakwood
bethesda,Pimlico
betrayed,Pimlico
bicentennial,Woodford
billboard,Upney
billboards,Upney
biological,Upney
birthmark,Upney
blackberry,St John's Wood
blackmailer,St John's Wood
blackness,Woodford
blade,Hornchurch
blades,Hornchurch
blamed,Hornchurch
blankets,Woodford
blasphemy,Woodford
blasted,Hornchurch
blasting,Woodford
blazer,St John's Wood
bleach,Woodford
bleaching,Woodford
blindfolded,Archway
blisters,Oakwood
blithering,Oakwood
blondes,Archway
bloodhound,St James's Park
bloodline,Archway
blooming,Archway
blubbering,Oakwood
bluepoint,Archway
blueprints,Oakwood
bluster,Oakwood
boarding,Temple
bodega,Ruislip
bodyguards,Temple
bogeyman,Ruislip
bologna,White City
bondage,Ruislip
bonehead,Ruislip
boneless,Archway
boners,Vauxhall
bonkers,Vauxhall
boogeyman,Ruislip
bookstore,Vauxhall
booster,Vauxhall
boosters,Vauxhall
botched,Ruislip
bowman,Ruislip
boxers,Hainault
boyfriends,Vauxhall
boysenberry,Vauxhall
bracing,Temple
bracken,Dollis Hill
bragged,Pimlico
braided,Loughton
braille,St John's Wood
brains,Temple
brainwash,Temple
brainwashing,Temple
branch,Temple
branching,Temple
brassiere,Loughton
brassieres,Loughton
bravely,St John's Wood
breadth,Pimlico
breakable,St John's Wood
breakups,Hillingdon
breasted,Pimlico
breath,Pimlico
breathe,Pimlico
breathed,Pimlico
breather,Pimlico
breathes,Pimlico
breaths,Pimlico
bridesmaid,Loughton
bridesmaids,Loughton
briefcase,Loughton
briefcases,Loughton
brioche,St Paul's
bristol,Upney
brittle,Oakwood
brownies,Vauxhall
brownstone,Vauxhall
brutal,Epping
brutally,Epping
buckled,North Harrow
builder,Acton Town
bureaucrats,Hillingdon
burritos,Angel
businessman,Woodford
butchered,Oval
butler,Oakwood
butlers,Oakwood
butterflies,Oakwood
butterfly,Oakwood
bystander,Pimlico
bystanders,Pimlico
cabdriver,Loughton
cabernet,Dollis Hill
cabinet,Woodford
cabinets,Woodford
cadavers,Loughton
caffeinated,Borough
caffeine,Borough
calamitous,Debden
calculate,Woodford
calculating,Woodford
caliber,St John's Wood
calibre,St John's Wood
caller,St John's Wood
calmer,St John's Wood
cameraman,Dollis Hill
campaigns,Woodford
canceled,Borough
cancelled,Borough
cancer,Dollis Hill
candidate,Borough
candidates,Borough
candies,Borough
candle,Borough
candlelit,Borough
candles,Borough
candlestick,Borough
candlesticks,Borough
candor,Temple
cannery,Dollis Hill
cannibals,Woodford
cannoli,Shepherd's Bush
canter,Dollis Hill
capabilities,Woodford
caramel,St John's Wood
carbon,Temple
cardigan,Temple
cardiogram,Upney
cardiologist,Upney
cared,Loughton
careful,St John's Wood
carefully,St John's Wood
caregiver,St John's Wood
caribou,Temple
caring,Temple
carjacking,Temple
carmen,Dollis Hill
carney,Dollis Hill
carnivorous,Temple
carotid,Upney
carpenter,Dollis Hill
carpentry,Dollis Hill
carpool,Debden
carriage,St John's Wood
carried,Loughton
carriers,Loughton
carries,Loughton
carrying,Temple
carved,Loughton
carvel,St John's Wood
carving,Temple
carvings,Temple
casino,Temple
casinos,Temple
casualties,Woodford
cataloging,Shepherd's Bush
catastrophic,Debden
catatonic,Shepherd's Bush
caterers,Hillingdon
caters,Hillingdon
cautious,Debden
cautiously,Debden
cavalier,St John's Wood
cavern,Dollis Hill
cedar,Loughton
cedars,Loughton
celebrities,Oakwood
celebrity,Oakwood
celibate,Woodford
cellar,St John's Wood
cellular,St John's Wood
cereal,St John's Wood
cerebral,St John's Wood
ceremonies,Vauxhall
cervical,St John's Wood
chainsaw,Temple
chainsaws,Temple
chalked,Brixton
challenge,Woodford
challenges,Woodford
challenging,Woodford
champagne,Woodford
chances,Woodford
changed,Ruislip
changes,Woodford
channel,Woodford
channels,Woodford
chanteuse,Woodford
chardonnay,Temple
charging,Temple
charity,Debden
chateau,Woodford
cheapen,Woodford
cheating,Woodford
chemically,Woodford
chemicals,Woodford
chevron,St Paul's
chicano,Temple
childlike,Boston Manor
chimpanzee,Woodford
chiropractor,Debden
chivalrous,Debden
chloride,Bank
chloroformed,Bank
chocolate,Kingsbury
choices,Bank
choker,St Paul's
cholesterol,Bank
chompers,Bank
choosers,Bank
chopper,Bank
choppers,Bank
chores,Bank
christened,Oval
chromosomes,Bank
cinnabar,Temple
cinnamon,Shepherd's Bush
circled,Bank
circulatory,Debden
circumcision,Aldgate
circumvent,Oakwood
citation,Shepherd's Bush
civilization,Shepherd's Bush
claimed,Borough
clandestine,Borough
clapper,St John's Wood
clarity,Debden
clashing,Woodford
classified,Borough
cleaned,Borough
cleansed,Borough
cleansing,Woodford
cleanup,Woodford
clear,St John's Wood
clearer,St John's Wood
clearly,St John's Wood
clerical,St John's Wood
clerks,Paddington
cleverness,Oakwood
clicker,St John's Wood
climbers,Oakwood
clinched,Moor Park
clincher,Oakwood
cloistered,Bank
closer,Bank
closure,Bank
clover,Bank
cluttering,Oakwood
coaches,Kilburn
coaching,Temple
coalition,Shepherd's Bush
coating,Shepherd's Bush
cocksucker,Balham
cocksuckers,Balham
cognizant,Shepherd's Bush
cohesive,Bank
coiled,Bank
colder,Bank
coliseum,Bank
collective,Bank
collectively,Bank
collector,Bank
collectors,Bank
colleges,Bank
collide,Bank
collided,Bank
collie,Bank
collier,Bank
collins,Edgware
collision,Edgware
colonial,Shepherd's Bush
colonists,Edgware
colonization,Shepherd's Bush
colored,Bank
coloured,Bank
columnist,Edgware
columnists,Edgware
comatose,Kilburn
combines,Vauxhall
combustion,Edgware
comeback,Ruislip
comfortably,Epping
comforting,Vauxhall
commandant,Ruislip
commandment,Ruislip
commenting,Vauxhall
comments,Vauxhall
commissary,Debden
commissioned,Vauxhall
commissioner,Vauxhall
commissioners,Vauxhall
commitment,Vauxhall
commitments,Vauxhall
communal,Redbridge
communist,Edgware
communists,Edgware
community,Edgware
compactor,Debden
competing,Vauxhall
competition,Vauxhall
competitions,Vauxhall
competitive,Bank
complexities,Bank
complexity,Bank
components,Vauxhall
composure,Bank
compounds,Highgate
compression,Vauxhall
compressions,Vauxhall
compromising,Vauxhall
compulsion,Edgware
compulsive,Bank
compulsively,Bank
computer,Bank
computerized,Bank
computers,Bank
conclusion,Edgware
conclusions,Edgware
concourse,Balham
condiment,Vauxhall
conducive,Balham
conducted,Balham
conductor,Balham
confinement,Vauxhall
conflicts,Edgware
conformity,Vauxhall
confuse,Balham
confused,Balham
conjecture,Balham
conjure,Balham
conjured,Balham
conjures,Balham
connoisseur,Balham
conquer,Balham
conquered,Balham
conquering,Balham
conquers,Balham
conquest,Balham
conscientious,Balham
consciously,Edgware
consciousness,Balham
consecutive,Balham
consensus,Balham
consequence,Balham
consequences,Balham
conserve,Balham
constituents,Balham
constitute,Balham
constitutes,Balham
constructed,Balham
construction,Balham
constructive,Balham
construed,Balham
consultant,Redbridge
consumption,Edgware
contacted,Ruislip
contacting,Shepherd's Bush
contain,Shepherd's Bush
containing,Shepherd's Bush
contaminating,Shepherd's Bush
contamination,Shepherd's Bush
continue,Balham
continued,Balham
continues,Balham
continuously,Edgware
continuum,Edgware
contrived,Balham
controversy,Balham
convenes,Balham
convenient,Balham
convention,Balham
converse,Balham
conversion,Balham
convert,Balham
converted,Balham
converting,Balham
convicted,Balham
convinces,Balham
cooler,Bank
coolers,Bank
cordial,Upney
cordless,Bank
corona,Temple
coronary,Temple
corporal,Debden
correctly,Bank
corrupting,Balham
corruption,Balham
cosmically,Debden
cottages,Kilburn
counted,Balham
counter,Balham
counterfeit,Balham
counterfeiting,Balham
counteroffer,Balham
counterproductive,Balham
countess,Balham
counties,Balham
countries,Balham
countryside,Balham
courthouse,Bank
courting,Balham
coveting,Balham
cowardly,Epping
cracked,Loughton
cracking,Temple
crammed,Loughton
cramped,Loughton
cranberry,Dollis Hill
crane,Dollis Hill
cranking,Temple
cranks,Temple
crapped,Loughton
crashing,Temple
crates,Hillingdon
craving,Temple
crayons,Temple
crazed,Loughton
creamed,Loughton
creased,Loughton
creates,Hillingdon
creatures,Hillingdon
crewman,Dollis Hill
cribbage,St John's Wood
crippled,Bank
critically,Debden
crocodile,Bank
crocodiles,Bank
crouched,Bank
crouching,Temple
crudely,Bank
crumbling,Oakwood
crumpled,Bank
culminating,Woodford
cultivate,Woodford
cultivating,Woodford
cultured,Bank
cumulative,Woodford
cupboard,Nine Elms
curdle,Bank
curled,Bank
currently,Oakwood
curveball,St John's Wood
custard,Epping
customarily,Debden
customer,Bank
customers,Bank
cyanide,Borough
dabble,Hornchurch
dabbled,Hornchurch
dabbling,Cockfosters
daffodils,Upney
dagger,Pimlico
dainty,Borough
dalliance,Borough
dallying,Cockfosters
damnedest,Borough
damper,Loughton
dances,Borough
danger,Pimlico
dangers,Pimlico
dangling,Cockfosters
dapper,Loughton
darken,Pimlico
darkened,Pimlico
darkest,Pimlico
darkness,Pimlico
darndest,Pimlico
darned,Pimlico
dasher,Pimlico
dateline,Borough
dater,Pimlico
daughter,Pimlico
daughters,Pimlico
dawdling,Cockfosters
daydream,Loughton
dazzling,Cockfosters
deacon,Ruislip
deadline,Borough
deadlines,Borough
dearest,Pimlico
dearie,Loughton
debatable,Hornchurch
debutante,Pimlico
debutantes,Pimlico
deciphering,Oval
decomposing,Vauxhall
deconstruction,Balham
decreased,Loughton
deductible,Moor Park
deduction,Balham
deductions,Balham
defiance,Borough
defiant,Borough
defiantly,Borough
deflecting,Moor Park
deflower,Bank
defraud,Pimlico
degenerate,Pimlico
degrade,Pimlico
degraded,Pimlico
dehydrated,Pimlico
delegate,Hornchurch
delegates,Hornchurch
delicacy,Borough
delicate,Borough
delicately,Borough
delicates,Borough
delicious,Bank
delinquency,Moor Park
delirious,Bank
delusion,Archway
delusions,Archway
demands,Borough
dementia,Borough
demolish,Bank
demolition,Archway
demolitions,Archway
demonology,Chiswick Park
denial,Borough
denounce,Balham
denouncing,Balham
dental,Borough
dependant,Borough
deplore,Bank
depraved,Loughton
depriving,Balham
deranged,Pimlico
derelict,Bank
descendants,Borough
deserving,Balham
despair,Loughton
destabilize,Hornchurch
destruction,Balham
detachment,Ruislip
detain,Borough
detained,Borough
detestable,Hornchurch
detonate,Ruislip
detonated,Ruislip
developer,Bank
developing,Archway
development,Archway
developments,Archway
deviants,Borough
devouring,Balham
diabetes,Hornchurch
diagnosis,Temple
dialect,Borough
dialing,Cockfosters
diaper,Loughton
diapers,Loughton
diaries,Loughton
dictating,Bromley-by-Bow
dictator,Upney
dictators,Upney
digitally,Hornchurch
dilettante,Borough
diligently,Moor Park
dinosaur,Temple
dinosaurs,Temple
directly,Bank
disabilities,Hornchurch
disability,Hornchurch
disable,Hornchurch
disabled,Hornchurch
disappear,Loughton
disappeared,Loughton
disappears,Loughton
disarmed,Loughton
disassembled,Hornchurch
disbarred,Loughton
discarded,Loughton
discipline,Borough
disciplined,Borough
disciplines,Borough
disclose,Bank
disclosed,Bank
disclosure,Bank
discolored,Bank
discontinue,Balham
discontinued,Balham
discotheque,Bank
discovering,Balham
discreetly,Bank
disgustingly,Moor Park
dishonor,Temple
disillusioned,Archway
disillusionment,Archway
disinfectant,Borough
disinherit,Oval
disinherited,Oval
dismantle,Borough
dismantled,Borough
dismount,Archway
disobedience,Vauxhall
dispatch,Bromley-by-Bow
displace,Borough
displaced,Borough
displacement,Borough
disrespectful,Bank
disruptions,Balham
dissolving,Archway
distance,Borough
distances,Borough
distancing,Bromley-by-Bow
distillery,Bank
distract,Upney
distributing,Oval
distributor,Angel
distributors,Angel
distrustful,Bank
disturbing,Oval
diversion,Balham
diversions,Balham
diverting,Balham
domicile,Bank
donate,Ruislip
donated,Ruislip
doohickey,St Paul's
dormant,Chigwell
dosage,Kilburn
dosages,Kilburn
downward,Temple
drafted,Pimlico
dragged,Pimlico
dramatic,Upney
drape,Loughton
draped,Loughton
drapes,Loughton
drastic,Upney
drawing,Temple
drawings,Temple
dream,Loughton
dreamed,Loughton
dreamer,Loughton
dreamers,Loughton
dreams,Loughton
dreamy,Loughton
dribble,Acton Town
dribbles,Acton Town
driveway,Loughton
driveways,Loughton
drooled,Bank
dumplings,Archway
dweller,Bank
dwellers,Bank
dwelling,Moor Park
dynamic,Borough
dynamics,Borough
dynamite,Borough
eagerly,St John's Wood
earful,St John's Wood
earl,St John's Wood
earlier,St John's Wood
early,St John's Wood
earmarked,Loughton
earned,Pimlico
earnest,Pimlico
earns,Pimlico
earth,Pimlico
earthquake,Pimlico
earthquakes,Pimlico
earthy,Pimlico
easier,Loughton
easing,Woodford
eastern,Pimlico
eating,Woodford
economics,Vauxhall
ecumenical,Woodford
educate,Holborn
educated,Holborn
effeminate,Borough
effortless,Bank
egyptian,Woodford
ejaculate,Woodford
electrified,Bank
electro,Bank
electrocute,Bank
electrocuted,Bank
electrodes,Bank
electrolyte,Bank
electrolytes,Bank
elephants,Woodford
eliminated,Borough
eliminating,Woodford
eloping,Archway
eloquently,Chiswick Park
emancipated,Borough
embalmed,Hornchurch
embarked,Loughton
embarrassed,Loughton
embraced,Loughton
empathic,Woodford
emphasis,Woodford
emphasize,Woodford
emphatic,Woodford
emphatically,Woodford
empirical,St John's Wood
employer,Bank
employers,Bank
emporium,Bank
empowerment,Vauxhall
emulating,Woodford
enables,Woodford
encephalitis,Woodford
enchanted,Ruislip
enchanting,Woodford
encounter,Balham
encountered,Balham
encounters,Balham
endanger,Pimlico
endangered,Pimlico
endear,Pimlico
endorsement,Vauxhall
endorsements,Vauxhall
enforcement,Vauxhall
engagements,Woodford
engraved,Pimlico
enhanced,Ruislip
enhancements,Woodford
enhances,Woodford
enlightened,Moor Park
enormity,Vauxhall
enough,Blackfriars
enraged,Pimlico
enslaved,Borough
entanglements,Woodford
enthusiasm,Woodford
enthusiast,Woodford
enthusiastic,Woodford
entirely,Oakwood
entomologist,Archway
entomology,Chiswick Park
entrance,Dollis Hill
entrapment,Dollis Hill
entrenched,Oval
envelope,Archway
envelopes,Archway
epiphany,Woodford
epsilon,Archway
equality,Woodford
equitable,Woodford
equivalent,Woodford
erogenous,Balham
errand,Pimlico
errands,Pimlico
erroneous,Balham
eruption,Balham
escalated,Borough
escalating,Woodford
escaping,Woodford
establish,Woodford
establishes,Woodford
establishing,Woodford
establishment,Woodford
establishments,Woodford
estimating,Woodford
estranged,Pimlico
ethical,Woodford
ethically,Woodford
eucalyptus,Woodford
eugenia,Woodford
euphoric,Bank
euthanasia,Woodford
evacuated,Holborn
evacuating,Woodford
evaluating,Woodford
eventual,Woodford
eventuality,Woodford
eventually,Woodford
everyman,Dollis Hill
everything,Oakwood
evolution,Archway
evolving,Archway
exacting,Woodford
exaggerated,Pimlico
examined,Borough
exception,Balham
exceptions,Balham
exchanged,Ruislip
exchanges,Woodford
exchanging,Woodford
excluding,Moor Park
excursion,Balham
excursions,Balham
execution,Balham
executioner,Balham
executions,Balham
exemplary,St John's Wood
exemption,Archway
exemptions,Archway
exertion,Balham
exhausted,Pimlico
exhausting,Woodford
exhaustive,Woodford
exorcism,Bank
expands,Borough
experimented,Oval
explained,Borough
exploding,Archway
exploiting,Archway
explore,Bank
explored,Bank
explorer,Bank
explorers,Bank
explosion,Archway
explosions,Archway
exporting,Balham
expression,Balham
expressions,Balham
expulsion,Archway
extenuating,Woodford
extinction,Balham
extorting,Balham
extortion,Balham
extortionist,Balham
extracts,Hillingdon
eyeliner,Oakwood
fabled,Hornchurch
facedown,Ruislip
facilitate,Borough
facilitated,Borough
facilities,Borough
failing,Shepherd's Bush
failure,St John's Wood
fainted,Borough
faintest,Borough
fairgrounds,Temple
fairies,Loughton
fallen,Borough
falling,Shepherd's Bush
familiarize,St John's Wood
famine,Borough
fanaticism,Borough
fancied,Borough
fanciful,Goodge Street
fantasies,Borough
fantasize,Borough
fantasized,Borough
fantastically,Borough
fantasyland,Borough
farmland,White City
farted,Pimlico
farther,Pimlico
fascinate,Borough
fascinated,Borough
fascinating,Bromley-by-Bow
fashion,Temple
fashions,Temple
father,Pimlico
fathered,Pimlico
fathers,Pimlico
fatigue,Holborn
fatigues,Holborn
favorably,Epping
fearful,St John's Wood
feather,Pimlico
feathers,Pimlico
featured,Pimlico
fellahs,Brixton
fellowship,Bank
felonies,Archway
felonious,Archway
felons,Archway
felony,Chiswick Park
feudal,Brixton
fiance,Borough
fiancee,Borough
fictional,Shepherd's Bush
fieldstone,Archway
filibuster,Oakwood
filmmaker,St John's Wood
filmmaking,Shepherd's Bush
filtered,Bank
finale,Borough
finalist,Borough
finalists,Borough
finalize,Borough
finalized,Borough
finalizing,Shepherd's Bush
finals,Borough
finance,Borough
financed,Borough
finances,Borough
firearms,Loughton
fireball,St John's Wood
firecrackers,Loughton
firehouse,Bank
fireplace,St John's Wood
firstborn,Vauxhall
fixation,Shepherd's Bush
flagging,Shepherd's Bush
flailing,Shepherd's Bush
flamer,St John's Wood
flaming,Shepherd's Bush
flanking,Shepherd's Bush
flannel,Borough
flare,St John's Wood
flashed,Brixton
flashes,Brixton
flatbed,Hornchurch
flattened,Borough
flaunt,Redbridge
flicker,St John's Wood
flirtatious,Debden
flirted,Bank
floated,Kingsbury
floating,Shepherd's Bush
floored,Bank
flossing,Archway
flotation,Shepherd's Bush
flourished,Bank
flower,Bank
flowers,Bank
flustered,Bank
fluttering,Oakwood
foaming,Shepherd's Bush
foibles,Archway
folder,Bank
follicle,Bank
follower,Bank
followers,Bank
foolhardy,Epping
foraging,Temple
forceful,Bank
foreclosed,Bank
foreclosure,Bank
foresight,Bank
forethought,Bank
foretold,Bank
forgetful,Bank
forgiveness,Balham
formality,Debden
formerly,Bank
forsaking,Temple
fortieth,Bank
fortune,Balham
fortunes,Balham
forwarding,Temple
founder,Balham
foursome,Bank
fourteen,Balham
fowler,Bank
fractures,Hillingdon
fragile,St John's Wood
fragment,Dollis Hill
fragrance,Dollis Hill
frailty,Debden
framed,Loughton
framing,Stockwell
francs,Temple
freeman,Dollis Hill
frequently,Oakwood
freshwater,Pimlico
friendship,Oval
friendships,Oval
frightened,Oval
frostbite,Vauxhall
frustrated,Pimlico
fumigated,Holborn
fundraising,Temple
fungal,White City
furnace,Dollis Hill
furnished,Oval
furthermore,Bank
gallery,St John's Wood
gallons,White City
gambler,St John's Wood
gander,Pimlico
gangster,Pimlico
gangsters,Pimlico
garages,Pimlico
garcon,Temple
garden,Pimlico
gardener,Pimlico
gardeners,Pimlico
gardens,Pimlico
garland,White City
garment,Dollis Hill
garnish,Temple
garrison,Temple
garters,Pimlico
gatekeeper,Dollis Hill
gather,Pimlico
gathered,Pimlico
gathers,Pimlico
gauntlet,Woodford
gazebo,Ruislip
geared,Pimlico
gears,Pimlico
geishas,Woodford
gelatin,Woodford
generated,Pimlico
generates,Pimlico
generous,Balham
genetically,Woodford
genital,Woodford
genitals,Woodford
gentler,Oakwood
german,Dollis Hill
gestapo,Kilburn
gestating,Woodford
gilbert,Oakwood
giraffe,St John's Wood
gladiator,Upney
gladiators,Upney
glances,Woodford
glands,White City
glare,St John's Wood
glazer,St John's Wood
glittering,Oakwood
gloating,Shepherd's Bush
glorified,Bank
glover,Bank
glucose,Bank
glycerin,Oakwood
goading,Temple
goblins,Archway
godliness,Archway
godmother,Bank
golfers,Bank
gondola,White City
gopher,Bank
gourmet,Bank
governess,Balham
grabbed,Pimlico
graceful,St John's Wood
gracefully,St John's Wood
gracing,Temple
graciously,Debden
grade,Pimlico
graded,Pimlico
grader,Pimlico
graders,Pimlico
grades,Pimlico
graduate,Pimlico
graduated,Pimlico
graduates,Pimlico
granddaughter,Pimlico
granddaughters,Pimlico
grander,Pimlico
grandeur,Pimlico
grandfather,Pimlico
grandfathers,Pimlico
grandkid,Temple
grandkids,Temple
grandstand,Pimlico
granola,White City
granted,Pimlico
grants,Pimlico
grated,Pimlico
gratuitous,Debden
gratuity,Debden
gravel,St John's Wood
gravely,St John's Wood
graves,Pimlico
gravest,Pimlico
graveyard,Pimlico
graveyards,Pimlico
gravity,Debden
grazed,Pimlico
grease,Pimlico
greased,Pimlico
greasy,Pimlico
greatest,Pimlico
greatness,Pimlico
gremlin,Oakwood
grenade,Pimlico
grenades,Pimlico
groaning,Temple
groomsmen,Vauxhall
grounded,Balham
groundhog,Temple
groundskeeper,Balham
grovel,Bank
gruesome,Bank
guaranteed,Pimlico
guarantees,Pimlico
guarded,Pimlico
guardians,Temple
guardrail,Kenton
guerilla,St John's Wood
guerrilla,St John's Wood
guillotine,Archway
guinea,Woodford
guineas,Woodford
guitar,Debden
guitarist,Debden
guitars,Debden
gumption,Archway
gunpowder,Balham
haberdashery,Pimlico
haircut,Debden
haircuts,Debden
hairpin,Stockwell
hallowed,Kingsbury
hallucinate,Woodford
hallucinating,Woodford
handball,Cockfosters
handbasket,Pimlico
handling,Cockfosters
handshake,Pimlico
hanger,Pimlico
hangers,Pimlico
hankie,Woodford
happening,Woodford
happenings,Woodford
happens,Woodford
happiest,Woodford
happiness,Woodford
harassed,Pimlico
harassing,Temple
harboring,Temple
harbouring,Temple
harden,Pimlico
hardened,Pimlico
hardens,Pimlico
harder,Pimlico
hardest,Pimlico
hardware,Pimlico
hardworking,Temple
hare,Pimlico
harming,Stockwell
harness,Pimlico
harnessed,Pimlico
harping,Stockwell
harrowing,Temple
harvest,Pimlico
hassled,Brixton
hassling,Woodford
hastened,Pimlico
hater,Pimlico
hatred,Pimlico
hatter,Pimlico
hauled,Brixton
haunted,Pimlico
hawker,Pimlico
hazelnut,Woodford
headdress,Pimlico
header,Pimlico
headgear,Pimlico
headhunter,Pimlico
headless,Brixton
headquarters,Pimlico
healing,Woodford
healthiest,Woodford
heaping,Woodford
hear,Pimlico
heard,Pimlico
hears,Pimlico
hearsay,Pimlico
hearse,Pimlico
heart,Pimlico
heartbeat,Pimlico
heartbeats,Pimlico
heartbreak,Pimlico
heartbreaker,Pimlico
heartburn,Pimlico
hearted,Pimlico
hearts,Pimlico
hearty,Pimlico
heater,Pimlico
heather,Pimlico
heating,Woodford
heaviest,Woodford
heavily,Woodford
heaving,Woodford
hector,Bank
heirloom,Bank
heirlooms,Bank
helicopter,Bank
helicopters,Bank
hemolytic,Bank
hemorrhoids,Bank
hepatitis,Woodford
hereafter,Pimlico
heroes,Bank
heroics,Bank
heroin,St Paul's
heroine,St Paul's
hesitant,Woodford
hesitate,Woodford
hesitates,Woodford
hesitating,Woodford
hessian,Woodford
hetero,Bank
hideous,Bank
hideously,Bank
hideout,Bank
hieroglyphs,Bank
highland,Cockfosters
hilarious,Debden
hilarity,Debden
hippopotamus,Debden
historically,Debden
histories,Bank
hitchhiker,Oval
hitchhikers,Oval
hoarding,Temple
hoaxes,Kilburn
hobbling,St James's Park
hoisted,Bank
holder,Bank
holders,Bank
holier,Bank
holies,Bank
holiest,Bank
holler,Bank
hollers,Bank
holographic,Debden
holster,Bank
hombre,St Paul's
homecoming,St Paul's
homegrown,St Paul's
homers,Bank
homestead,Kilburn
homework,St Paul's
homicides,Bank
honeymooning,St Paul's
honorary,Temple
honored,St Paul's
honouring,Temple
hoodwinked,St Paul's
hooker,St Paul's
hootenanny,Ruislip
hooter,Bank
hooters,Bank
hopper,Bank
hordes,Bank
hormone,St Paul's
horned,St Paul's
horoscope,Bank
horoscopes,Bank
horse,Bank
horsepower,Bank
horses,Bank
horseshit,Bank
horsey,Bank
horsing,Temple
horticulture,Bank
hospice,Bank
hospital,Debden
hospitality,Debden
hospitals,Debden
hostage,Kilburn
hostages,Kilburn
hostile,Bank
hostiles,Bank
hostilities,Bank
hotbed,Ruislip
hotter,Bank
hounded,Blackfriars
hourglass,Debden
housewife,Bank
housewives,Bank
hovering,St Paul's
huckleberry,Paddington
huckster,Oval
humane,Woodford
humanity,Woodford
humdinger,Oval
humiliate,Woodford
humiliates,Woodford
humiliating,Woodford
humored,Bank
humorless,Bank
hurtling,Oakwood
hydrate,Pimlico
hydrated,Pimlico
hydraulic,Kenton
hydraulics,Kenton
hydrochloride,Bank
hydrogen,St Paul's
hypocrite,Bank
hypocrites,Bank
hypocritical,Debden
hypodermic,Bank
hysterectomy,Bank
icebox,St Paul's
icehouse,Bank
idealistic,Borough
identical,Borough
ideology,Bank
illuminate,Woodford
illuminating,Woodford
imagery,St John's Wood
imaginary,Stockwell
imagination,Shepherd's Bush
imaginative,Woodford
imagines,Woodford
imitation,Shepherd's Bush
immaculate,Woodford
immaturity,Debden
immersion,Vauxhall
immortality,Debden
immutable,Woodford
impaired,Loughton
impart,Debden
impartial,Debden
imperfection,Vauxhall
imperfections,Vauxhall
imperial,St John's Wood
impervious,Bank
implanted,Borough
implicated,Borough
implicating,Woodford
implore,Bank
importing,Vauxhall
impossibility,Edgware
impotence,Vauxhall
impounded,Archway
impractical,Debden
impression,Vauxhall
impressionists,Vauxhall
impressions,Vauxhall
imprisoned,Vauxhall
imprisonment,Vauxhall
improperly,Bank
improve,Bank
improved,Bank
improves,Bank
improvise,Bank
improvised,Bank
inability,Woodford
inaccessible,Woodford
incantation,Shepherd's Bush
incapacitated,Borough
incestuous,Balham
incidental,Borough
incidentally,Borough
include,Moor Park
included,Moor Park
includes,Moor Park
incompetence,Vauxhall
incompetent,Vauxhall
inconvenient,Balham
indelicate,Borough
indicate,Borough
indicated,Borough
indicates,Borough
indicating,Bromley-by-Bow
indicative,Borough
individual,Cockfosters
individually,Cockfosters
indulgence,Moor Park
industrious,Balham
inevitability,Woodford
inevitable,Woodford
inevitably,Woodford
inexcusable,Woodford
infantile,Borough
infectious,Balham
infertile,Oakwood
infirmary,Stockwell
inflame,Borough
inflamed,Borough
inflammation,Shepherd's Bush
inflate,Borough
inflated,Borough
inflating,Shepherd's Bush
inflation,Shepherd's Bush
influenced,Moor Park
inhale,Woodford
inherently,Oakwood
inherited,Oval
inhumane,Woodford
initiated,Borough
initiation,Shepherd's Bush
innards,Temple
innermost,Vauxhall
innovation,Shepherd's Bush
inopportune,Balham
inquisitor,Balham
inroads,Temple
insatiable,Woodford
inseminated,Borough
insignificant,Bromley-by-Bow
insolent,Archway
installed,Borough
installing,Woodford
instead,Borough
instruction,Balham
instructions,Balham
instructor,Balham
instructors,Balham
insurrection,Balham
intellectual,Woodford
intellectually,Woodford
intellectuals,Woodford
intercom,Vauxhall
intercourse,Balham
intermission,Vauxhall
interruption,Balham
interruptions,Balham
intervened,Balham
intervention,Balham
interview,Balham
interviewed,Balham
interviewer,Balham
interviewing,Balham
interviews,Balham
intimated,Borough
intimidate,Borough
intimidated,Borough
intimidating,Croxley
intoxicating,Shepherd's Bush
intoxication,Shepherd's Bush
introduce,Balham
introduced,Balham
introduces,Balham
introducing,Balham
introduction,Balham
introductions,Balham
introductory,Balham
intrusion,Balham
intubate,Woodford
invade,Borough
invaded,Borough
invalidate,Borough
invaluable,Woodford
invasion,Temple
inventory,Balham
inverted,Balham
investigate,Woodford
investigates,Woodford
investigating,Woodford
investigative,Woodford
investors,Balham
invitation,Shepherd's Bush
invoices,Balham
involve,Archway
involved,Archway
involvement,Archway
involves,Archway
irregular,St John's Wood
irreparable,St John's Wood
irreplaceable,St John's Wood
irresistible,Oakwood
island,Borough
islands,Borough
jawbone,Ruislip
jaywalking,Shepherd's Bush
journal,White City
journals,White City
journey,Balham
journeyed,Balham
journeys,Balham
jurisdiction,Balham
kaiser,Loughton
kelson,Archway
keycard,Loughton
keyhole,Barbican
kidnapped,Borough
killers,Acton Town
labeled,Hornchurch
labelled,Hornchurch
laboratory,Epping
lacquer,St John's Wood
laden,Borough
lager,St John's Wood
laker,St John's Wood
laminated,Borough
landed,Borough
landfill,Borough
landing,Cockfosters
landlord,White City
landlords,White City
landmark,White City
landmarks,White City
landscape,Borough
landscapes,Borough
landslide,Borough
language,Woodford
languages,Woodford
languishing,Woodford
large,St John's Wood
largely,St John's Wood
larger,St John's Wood
larvae,St John's Wood
lasagne,Woodford
lascivious,Debden
lashed,Brixton
lashing,Woodford
lasting,Woodford
latched,Kingsbury
latino,Shepherd's Bush
laughable,Woodford
laughed,Brixton
launches,Woodford
launching,Woodford
laurel,St John's Wood
layer,St John's Wood
leaned,Borough
lear,St John's Wood
leary,St John's Wood
leaver,St John's Wood
lectured,Bank
lecturing,Oakwood
leering,Oakwood
leftover,Bank
leftovers,Bank
legion,Archway
legions,Archway
legitimacy,Woodford
lemony,Chiswick Park
lesbian,Woodford
lesbians,Woodford
lesions,Archway
lesson,Archway
lessons,Archway
lettering,Oakwood
leverage,St John's Wood
liberal,St John's Wood
liberties,Oakwood
liberty,Oakwood
licker,St John's Wood
licorice,Bank
lieutenant,Woodford
lieutenants,Woodford
lifelong,Archway
ligament,Woodford
lightened,Moor Park
lighthouse,Bank
limerick,St John's Wood
limestone,Archway
limitation,Shepherd's Bush
limousine,Archway
limousines,Archway
liner,Oakwood
liners,Oakwood
linger,Oakwood
lingerie,Oakwood
lingering,Oakwood
lingers,Oakwood
linoleum,Archway
liposuction,Edgware
liquored,Bank
listener,Oakwood
listeners,Oakwood
litigation,Shepherd's Bush
littered,Bank
littering,Oakwood
livelihood,Bank
loaded,Kingsbury
loaning,Shepherd's Bush
loathe,Kingsbury
loathed,Kingsbury
locale,Kingsbury
locate,Kingsbury
located,Kingsbury
locating,Shepherd's Bush
location,Shepherd's Bush
locomotive,Bank
lodgings,Archway
logger,Bank
loneliest,Archway
loneliness,Archway
lonely,Chiswick Park
lonesome,Archway
longest,Archway
longitude,Archway
longtime,Archway
looney,Chiswick Park
loosen,Archway
loosened,Archway
loosening,Archway
looser,Bank
loosing,Archway
lopper,Bank
loran,White City
lore,Bank
loser,Bank
losers,Bank
losing,Archway
lottery,Bank
louder,Bank
louvre,Bank
lovelier,Bank
lover,Bank
lovers,Bank
lower,Bank
lowered,Bank
lowers,Bank
lowery,Bank
lowlife,Bank
lowlifes,Bank
lozenges,Archway
luckier,St John's Wood
lumbering,Oakwood
lunar,White City
lunatic,Woodford
lunatics,Woodford
lynched,Moor Park
machine,Woodford
machines,Woodford
madder,Loughton
madeleine,Borough
madness,Borough
madre,Loughton
magazines,Woodford
magicians,Woodford
magnetic,Woodford
magnetism,Woodford
magnets,Woodford
magnolia,Shepherd's Bush
maiden,Borough
maidens,Borough
mailer,St John's Wood
maintained,Borough
majority,Debden
malfeasance,Borough
malicious,Debden
maliciously,Debden
manager,Dollis Hill
manages,Woodford
mandarin,Stockwell
mandates,Borough
mandatory,Chigwell
maneuver,Dollis Hill
manger,Dollis Hill
mangos,White City
manifest,Borough
manifested,Borough
manifests,Borough
manipulate,Woodford
manipulates,Woodford
manipulating,Woodford
manipulative,Woodford
mannequin,Woodford
mannequins,Woodford
manner,Dollis Hill
manufacture,Dollis Hill
manufacturer,Dollis Hill
manure,Dollis Hill
marble,St John's Wood
marcel,St John's Wood
margin,Stockwell
marigold,Upney
marijuana,Stockwell
marina,Stockwell
marked,Loughton
markets,Hillingdon
marriage,St John's Wood
married,Loughton
marries,Loughton
marrying,Stockwell
marten,Dollis Hill
marvel,St John's Wood
marzipan,Stockwell
masculine,Woodford
masculinity,Woodford
massacred,Loughton
masseur,Hillingdon
mastectomy,Kilburn
master,Hillingdon
masters,Hillingdon
mastery,Hillingdon
matching,Woodford
matchmaking,Woodford
mathematically,Woodford
mathematician,Woodford
mathematicians,Woodford
mathematics,Woodford
matron,Chigwell
matters,Hillingdon
mattress,Hillingdon
mattresses,Hillingdon
maturity,Debden
maudlin,Cockfosters
mauled,Brixton
meadows,Kilburn
meaner,Dollis Hill
meaningless,Woodford
meanings,Woodford
measure,Hillingdon
measures,Hillingdon
meatloaf,Kingsbury
mechanic,Woodford
mechanical,Woodford
mechanics,Woodford
mechanism,Woodford
mechanisms,Woodford
medical,Borough
medically,Borough
medicare,Loughton
medina,Borough
melons,Archway
membrane,Dollis Hill
mentor,Vauxhall
mercenary,Dollis Hill
merlot,Bank
mermaid,Loughton
mermaids,Loughton
merman,Dollis Hill
metaphysics,Woodford
methadone,Ruislip
meticulous,Bank
meticulously,Bank
microbes,Vauxhall
middleman,Borough
milestone,Archway
military,Debden
minorities,Vauxhall
minority,Vauxhall
minstrel,Oakwood
miracle,St John's Wood
miraculous,Debden
miraculously,Debden
mirage,St John's Wood
misbehave,Woodford
misconception,Vauxhall
misconceptions,Vauxhall
misinformed,Vauxhall
misnomer,Vauxhall
misogynistic,Vauxhall
misplaced,Borough
misread,Loughton
moaning,Shepherd's Bush
mobster,Vauxhall
modeling,Archway
modelling,Archway
moisture,Bank
moisturize,Bank
moisturizer,Bank
moldings,Archway
molester,Bank
molesting,Archway
moneys,Vauxhall
monitor,Vauxhall
monitored,Vauxhall
monitoring,Vauxhall
monitors,Vauxhall
monkeys,Vauxhall
monogamous,White City
monsignor,Vauxhall
monster,Vauxhall
monsters,Vauxhall
monstrous,Chigwell
morality,Debden
morello,Bank
morgan,White City
morgue,Bank
morgues,Bank
mornings,Vauxhall
morsel,Bank
mortality,Debden
mortifying,Vauxhall
mother,Bank
motherhood,Bank
motherless,Bank
mothers,Bank
motivation,Shepherd's Bush
motivational,Shepherd's Bush
motorbike,Vauxhall
motorcycle,Bank
motorcycles,Bank
mounting,Archway
mouthpiece,Bank
movements,Archway
murdering,Oval
murderous,Bank
musician,Woodford
musicians,Woodford
mustache,Woodford
mutated,Holborn
mutilate,Woodford
mysterious,Bank
mysteriously,Bank
mythological,Debden
nailed,Borough
narrator,Chigwell
narrow,Temple
narrowing,Temple
narrows,Temple
nation,Shepherd's Bush
national,Shepherd's Bush
nationally,Shepherd's Bush
natured,Pimlico
nauseated,Pimlico
nauseating,Woodford
nautical,Woodford
nautilus,Woodford
navigate,Woodford
navigation,Shepherd's Bush
navigational,Shepherd's Bush
nearest,Pimlico
nebula,Woodford
nectar,Dollis Hill
needlepoint,Archway
negative,Woodford
negatively,Woodford
negatives,Woodford
negativity,Woodford
neglected,Moor Park
neighbor,St Paul's
neighborhood,St Paul's
neighboring,St Paul's
nelson,Archway
nervous,Balham
nervousness,Balham
neuroses,Balham
neurosis,Balham
neurosurgeon,Balham
neurosurgery,Balham
neurotic,Balham
neutron,Balham
nevermore,St Paul's
nevertheless,Oakwood
newborns,Vauxhall
newcomers,Vauxhall
newfound,Balham
newscast,Borough
newsman,Borough
newsroom,Vauxhall
nicknamed,Borough
nighthawk,Croxley
nightingale,Woodford
nitrous,Balham
nodules,Archway
nominal,Shepherd's Bush
nominating,Shepherd's Bush
nomination,Shepherd's Bush
nonviolent,Archway
noodles,Archway
norland,White City
normal,White City
north,Maida Vale
nosebleeds,Archway
notary,Chigwell
notation,Shepherd's Bush
notification,Shepherd's Bush
notorious,Balham
nourishing,Temple
novelist,Archway
novels,Archway
novelty,Chiswick Park
nowadays,Temple
nowhere,St Paul's
nuances,Woodford
nuisance,Woodford
nuptial,Woodford
nuptials,Woodford
nutcase,Woodford
nutcracker,Dollis Hill
nutritionist,Balham
nutritious,Balham
oatmeal,Kingsbury
objecting,Vauxhall
objection,Vauxhall
objections,Vauxhall
objects,Vauxhall
obscene,Vauxhall
obscenities,Vauxhall
obscenity,Vauxhall
obscurity,Angel
observe,Hainault
observed,Hainault
observer,Hainault
observers,Hainault
occasion,Temple
occasions,Temple
occupancy,Redbridge
occupant,Redbridge
occupants,Redbridge
occurrence,Balham
occurrences,Balham
odorless,Bank
offbeat,Ruislip
offshore,Bank
okayed,Ruislip
older,Bank
oneself,Archway
onward,Temple
opportune,Balham
opportunist,Balham
opportunities,Balham
orbital,Upney
orderlies,Bank
orderly,Bank
ordinary,Temple
organic,Temple
organizing,Temple
orioles,Bank
orthopedic,Bank
other,Bank
others,Bank
otherwise,Bank
otherworldly,Bank
ounce,Balham
ounces,Balham
ourselves,Bank
outline,Archway
outlined,Archway
outlines,Archway
outrank,Chigwell
outweigh,Bank
ovarian,Temple
ovation,Shepherd's Bush
overcoming,St Paul's
overflow,Bank
overly,Bank
overrule,Bank
overruled,Bank
overrun,Balham
overseeing,Balham
oversensitive,Balham
oversight,Bank
oversleep,Bank
overslept,Bank
overstepping,Balham
overtime,Bank
overturned,Balham
overweight,Bank
overwhelm,Bank
overwhelmed,Bank
overwhelms,Bank
overwrought,Bank
paddling,Cockfosters
padre,Loughton
pained,Borough
painful,Goodge Street
painfully,Goodge Street
painted,Borough
paired,Loughton
paler,St John's Wood
palmer,St John's Wood
paltry,Debden
pampered,Loughton
pamphlets,Woodford
panache,Woodford
panicked,Borough
parable,St John's Wood
parade,Loughton
parading,Stockwell
paradise,Loughton
paragon,White City
paralegal,St John's Wood
parallel,St John's Wood
paralyze,St John's Wood
paramedic,Loughton
paramedics,Loughton
parameters,Hillingdon
paramilitary,Debden
paranormal,White City
parasitic,Debden
parent,Dollis Hill
parfait,Debden
parked,Loughton
partial,Debden
partially,Debden
particular,Debden
particularly,Debden
particulars,Debden
partly,Debden
partner,Dollis Hill
parton,Chigwell
pastrami,Debden
pasture,Hillingdon
pastures,Hillingdon
patchouli,Debden
patented,Borough
pathetic,Woodford
pathetically,Woodford
pathologically,Debden
pathologist,Debden
pathology,Debden
patois,Debden
patriarch,Debden
patriot,Debden
patriotic,Debden
patriots,Debden
patrol,Debden
patron,Chigwell
patrons,Chigwell
pattern,Dollis Hill
payroll,Debden
peanuts,Woodford
pearl,St John's Wood
pearly,St John's Wood
peculiar,St John's Wood
pedophile,Bank
penalized,Borough
pendant,Borough
penetrate,Dollis Hill
peninsula,Woodford
pentagon,Sudbury Hill
pentagram,Dollis Hill
percentage,Dollis Hill
percentile,Oakwood
performing,Vauxhall
permanent,Dollis Hill
permission,Vauxhall
perturbed,Oval
perversion,Balham
petrol,Bank
petroleum,Bank
pharmacist,Debden
pheasant,Woodford
pheasants,Woodford
phenomenon,Blackfriars
philosopher,Bank
philosophers,Bank
philosophical,Debden
philosophies,Bank
phone,Blackfriars
phoned,Blackfriars
phoney,Blackfriars
phosphate,Kilburn
photographic,Debden
physician,Woodford
physiological,Debden
physiologically,Debden
pilgrimage,St John's Wood
pistachio,Debden
pistachios,Debden
plagued,Brixton
plaintiff,Borough
plaintiffs,Borough
planned,Borough
planted,Borough
planting,Woodford
platform,Debden
platforms,Debden
plating,Woodford
platinum,Woodford
player,St John's Wood
playroom,Debden
plaything,Woodford
playthings,Woodford
playwright,Debden
pleasing,Woodford
pocketbook,Vauxhall
pointless,Archway
polarity,Debden
polecat,Kingsbury
police,Bank
policies,Bank
polished,Bank
politely,Bank
politically,Debden
pollard,White City
pollen,Archway
poltergeist,Bank
poltergeists,Bank
polyester,Bank
polygraph,Debden
poorhouse,Bank
popularity,Debden
porcupine,Balham
portal,Debden
portals,Debden
porterhouse,Bank
portrait,Debden
portraits,Debden
portrayal,Debden
positively,Bank
possibility,Edgware
postage,Kilburn
posttraumatic,Debden
potassium,Debden
potatoes,Kilburn
pounce,Balham
pounder,Balham
powerful,Bank
powerhouse,Bank
powerless,Bank
practical,Debden
practicality,Debden
practically,Debden
pragmatic,Debden
pragmatist,Debden
praise,Loughton
praised,Loughton
praises,Loughton
prance,Dollis Hill
prancer,Dollis Hill
prayed,Loughton
praying,Stockwell
preamble,St John's Wood
precludes,Bank
preconceived,Balham
preferable,St John's Wood
preferably,St John's Wood
pregnancy,Dollis Hill
pregnant,Dollis Hill
prehistoric,Bank
premonition,Vauxhall
premonitions,Vauxhall
prepared,Loughton
preschool,Bank
presently,Oakwood
presumptuous,Bank
pretentious,Balham
prevail,St John's Wood
prevented,Balham
prevention,Balham
previously,Bank
priesthood,Bank
primaries,Loughton
princely,Oakwood
principle,Oakwood
principles,Oakwood
proclivities,Bank
production,Balham
productions,Balham
profile,Bank
profiles,Bank
profusely,Bank
prohibits,Angel
projectile,Bank
prominent,Vauxhall
promising,Vauxhall
promoting,Vauxhall
promotion,Vauxhall
promotions,Vauxhall
prompting,Vauxhall
pronounce,Balham
pronounced,Balham
propaganda,White City
propelled,Bank
propellers,Bank
properly,Bank
prophecies,Bank
prophecy,Bank
prophesied,Bank
prophet,Bank
prophets,Bank
prophylactic,Debden
prosecuting,Balham
prosecution,Balham
prosthetic,Bank
prostitution,Balham
proven,Balham
providence,Balham
provinces,Balham
prowler,Bank
psychiatric,Debden
psychiatrist,Debden
psychiatrists,Debden
psychiatry,Debden
psychological,Debden
psychologically,Debden
psychopathic,Debden
psychosomatic,Debden
published,Acton Town
pulsating,Woodford
punctuality,Woodford
purposefully,Bank
purposely,Bank
pursuant,Chigwell
pushover,Bank
qualifies,Northwood
qualities,Woodford
quantities,Woodford
quantity,Woodford
quarrel,St John's Wood
quarterbacks,Hillingdon
quintessential,Woodford
rabbit,Upney
rabbits,Upney
rabble,St John's Wood
rabies,Loughton
raccoons,Temple
raced,Loughton
racing,Temple
racked,Loughton
racking,Temple
radiator,Upney
radiologist,Upney
raffle,St John's Wood
rages,Pimlico
ragged,Pimlico
raggedy,Pimlico
raided,Loughton
raider,Loughton
raiders,Loughton
railroad,Upney
railroads,Upney
rainbow,Temple
rains,Temple
raise,Loughton
raised,Loughton
raiser,Loughton
raisers,Loughton
raises,Loughton
raisin,Temple
raising,Temple
raisins,Temple
ramble,St John's Wood
rammed,Loughton
ranch,Temple
rancho,Temple
rancid,Temple
rangers,Pimlico
ranges,Pimlico
ranking,Temple
rankings,Temple
ransack,Temple
raped,Loughton
raping,Stockwell
rapist,Debden
rapists,Debden
rarely,St John's Wood
rarity,Debden
rashes,Pimlico
rated,Pimlico
rather,Pimlico
ratted,Pimlico
ravens,Pimlico
ravings,Temple
ravishing,Temple
reacts,Hillingdon
real,St John's Wood
realize,St John's Wood
really,St John's Wood
realm,St John's Wood
reamed,Loughton
reappeared,Loughton
rebelling,Oakwood
reboot,Vauxhall
rebuild,Acton Town
rebuilt,Oakwood
recall,St John's Wood
recant,Dollis Hill
recently,Oakwood
reckless,Paddington
recklessly,Paddington
reclaim,St John's Wood
recliner,Oakwood
reclining,Oakwood
recommends,Vauxhall
reconstruct,Balham
recount,Balham
recycling,Oakwood
redemption,Vauxhall
redhead,Pimlico
redheads,Pimlico
reduction,Balham
redundant,Pimlico
reelected,Bank
reeling,Oakwood
referendums,Oval
referral,St John's Wood
reflected,Bank
reflecting,Oakwood
refueling,Oakwood
regal,St John's Wood
regard,Pimlico
regarded,Pimlico
regards,Pimlico
regenerated,Pimlico
regular,St John's Wood
regularly,St John's Wood
rehab,Pimlico
rehash,Pimlico
rehearse,Pimlico
rehearsed,Pimlico
reheat,Pimlico
reinforcement,Vauxhall
reinforcements,Vauxhall
reinvented,Balham
rejuvenated,Pimlico
relax,St John's Wood
relay,St John's Wood
relentless,Oakwood
relentlessly,Oakwood
reliable,St John's Wood
relieving,Oakwood
religious,Bank
religiously,Bank
relinquish,Oakwood
relinquishing,Oakwood
reliving,Oakwood
relying,Oakwood
remarkable,St John's Wood
remarkably,St John's Wood
remarked,Loughton
remarried,Loughton
remembrance,Dollis Hill
remission,Vauxhall
remodeled,Bank
remotely,Bank
removing,St Paul's
rename,Dollis Hill
rendezvous,Balham
renegade,Pimlico
renounce,Balham
repaid,Loughton
repaired,Loughton
repairs,Loughton
repayment,Dollis Hill
repeal,St John's Wood
repellent,Oakwood
repentance,Dollis Hill
repercussions,Balham
replace,St John's Wood
replaceable,St John's Wood
replay,St John's Wood
replenish,Oakwood
replica,St John's Wood
reportedly,Bank
reproduction,Balham
repugnant,Dollis Hill
requisition,Balham
requisitions,Balham
reschedule,Bank
rescheduled,Bank
resembling,Oakwood
resentful,Oakwood
reshoot,Bank
reshoots,Bank
resilient,Oakwood
resolute,Bank
resolve,Bank
resolved,Bank
resourceful,Bank
responsive,Balham
restaurant,Pimlico
restaurants,Pimlico
restitution,Balham
resulted,Bank
resulting,Oakwood
resurrection,Balham
retard,Pimlico
retarded,Pimlico
rethink,Oval
rethinking,Oval
rethought,Bank
retreated,Pimlico
reunion,Balham
reunions,Balham
reveal,St John's Wood
reveling,Oakwood
reverently,Oakwood
revisions,Balham
revival,St John's Wood
revolve,Bank
revolved,Bank
revolver,Bank
revolves,Bank
ricochet,Bank
ridicule,Bank
ridiculed,Bank
righteous,Bank
ritual,Debden
ritualistic,Debden
rituals,Debden
roaring,Temple
robberies,Vauxhall
role,Bank
roles,Bank
rolled,Bank
roller,Bank
rollers,Bank
romping,Vauxhall
rotunda,Chigwell
rougher,Bank
roughing,Temple
roughriders,Bank
roulette,Bank
roundabout,Chigwell
rounded,Balham
routine,Balham
routines,Balham
rowan,Temple
ruffians,Temple
rumblings,Oakwood
rummaging,Stockwell
sacred,Loughton
sacrifice,Loughton
sacrificed,Loughton
sacrifices,Loughton
sacrificing,Temple
safeguard,Pimlico
safeguards,Pimlico
sailboat,Upney
sailboats,Upney
sailing,Woodford
saluting,Woodford
salvaging,Woodford
sampling,Woodford
sanders,Pimlico
sandstorm,Chigwell
sandwich,Temple
sangria,Temple
sarge,Pimlico
satchel,Woodford
satisfactory,Debden
saturated,Pimlico
saucer,Hillingdon
saucers,Hillingdon
savoring,Temple
scalping,Woodford
scamming,Woodford
scampered,Loughton
scandal,Borough
scanned,Borough
scapegoat,Kilburn
scared,Loughton
scarfing,Temple
scarier,Loughton
scaring,Temple
scarred,Loughton
scatter,Hillingdon
scavenging,Woodford
scheduling,Moor Park
schematics,Woodford
scholarship,Debden
scholarships,Debden
scintillating,Woodford
scorched,Bank
scorcher,Bank
scorching,Temple
scrapbook,Mile End
scraped,Loughton
scrapped,Loughton
scrawny,Temple
screamed,Loughton
scribble,Oakwood
scribbling,Oakwood
scrounge,Balham
scrubbed,Oval
seafood,Kilburn
sealing,Woodford
seamstress,Hillingdon
seating,Woodford
secretary,Hillingdon
seduction,Balham
semblance,Woodford
sensual,Woodford
separate,Hillingdon
separates,Hillingdon
serenade,Pimlico
sergeant,Pimlico
seriously,Bank
seriousness,Balham
sermon,Vauxhall
sermons,Vauxhall
servant,Pimlico
servants,Pimlico
sexuality,Woodford
shackled,Brixton
shadowing,Temple
shaker,Pimlico
shakers,Pimlico
shambles,Woodford
shameful,Brixton
share,Pimlico
shared,Pimlico
shares,Pimlico
sharing,Temple
sharking,Temple
shatter,Pimlico
shattered,Pimlico
shaver,Pimlico
shear,Pimlico
sheila,Woodford
sheltered,Bank
shenanigans,Woodford
shipshape,Woodford
shipwreck,Oval
shipwrecked,Oval
shivering,Oakwood
shocking,Temple
shooter,Bank
shooters,Bank
shoplifter,Bank
shoplifters,Bank
shopper,Bank
shore,Bank
shores,Bank
shorted,Bank
shorter,Bank
shortest,Bank
shortsighted,Bank
shoulder,Bank
shoulders,Bank
showcase,Kilburn
shower,Bank
showered,Bank
showers,Bank
showstopper,Bank
shrieking,Oval
sidebar,Loughton
sideburns,Oval
sidecar,Loughton
sideshow,Bank
sierra,Loughton
signal,Woodford
signaling,Woodford
signals,Woodford
significant,Bromley-by-Bow
signora,Temple
similarity,Debden
simpleton,Archway
simpletons,Archway
simulate,Woodford
simulates,Woodford
simulator,Debden
sincerely,Oakwood
singleton,Archway
sisterhood,Bank
situated,Holborn
skeleton,Archway
skeletons,Archway
slamming,Woodford
slanted,Borough
slapping,Woodford
slashed,Brixton
slashing,Woodford
slaying,Woodford
sleepover,Bank
sleepovers,Bank
sleepyhead,Brixton
slithered,Bank
slithering,Oakwood
slogan,White City
slogans,White City
slower,Bank
slurping,Oakwood
smarter,Hillingdon
smartest,Hillingdon
smeared,Loughton
smoother,Bank
smoothie,Bank
smother,Bank
smothered,Bank
snagged,Pimlico
snakebite,Woodford
snapped,Borough
snarl,White City
snatches,Woodford
sneaker,Pimlico
sneakers,Pimlico
sneaking,Woodford
snowbank,Temple
snowboard,Temple
snowmen,Vauxhall
snowstorm,Vauxhall
soaking,Temple
soaring,Temple
sobering,Vauxhall
sobriety,Vauxhall
socially,Debden
sociopath,Debden
sociopathic,Debden
solarium,Debden
soldier,Bank
soldiers,Bank
solemn,Archway
solenoid,Archway
solicited,Bank
solitary,Debden
solvent,Archway
solving,Archway
someday,Kilburn
someway,Kilburn
somewhat,Kilburn
somewhere,Bank
somewheres,Bank
sonogram,White City
sophomore,Bank
sorbet,Vauxhall
sorel,Bank
sorrel,Bank
soundly,Highgate
souvenir,Balham
souvenirs,Balham
souvlaki,Debden
sovereign,Balham
sovereignty,Balham
spacecraft,Hillingdon
spaceship,Woodford
spaghetti,Woodford
spandex,Borough
spanked,Borough
spared,Loughton
spareribs,Loughton
sparked,Loughton
spartan,Chigwell
spawned,Borough
speaking,Woodford
specialized,Borough
specializing,Woodford
spectra,Hillingdon
speculate,Woodford
speculating,Woodford
speculative,Woodford
spiritual,Debden
spirituality,Debden
splashing,Woodford
splendidly,Borough
splinter,Oakwood
splinters,Oakwood
spoiler,Bank
spoiling,Archway
sponsorship,Aldgate
sprang,White City
sprayed,Loughton
spread,Loughton
spreads,Loughton
sprouting,Balham
squander,Pimlico
squandered,Pimlico
squared,Pimlico
squaring,Temple
squeaking,Woodford
squealed,Brixton
stabilized,Hornchurch
stabilizing,Woodford
stagger,Pimlico
staggered,Pimlico
stained,Borough
stairway,Debden
stalking,Woodford
stalling,Woodford
stamper,Hillingdon
standoff,Chigwell
standstill,Borough
stared,Pimlico
starred,Pimlico
starship,Debden
started,Pimlico
starved,Pimlico
statehood,Kilburn
staying,Woodford
stealing,Woodford
stealth,Woodford
stealthy,Woodford
steamer,Hillingdon
steaming,Woodford
steerage,Pimlico
stepmother,Bank
sterilized,Bank
sterling,Oakwood
stewardess,Pimlico
stewardesses,Pimlico
stewards,Pimlico
stimulating,Woodford
stipulate,Woodford
stipulates,Woodford
stockbroker,Vauxhall
stockbrokers,Vauxhall
stolen,Archway
stomachache,Kilburn
storming,Vauxhall
straightaway,Debden
straightforward,Upney
stranded,Pimlico
strange,Pimlico
strangeness,Pimlico
stranger,Pimlico
strangers,Pimlico
strangest,Pimlico
strategy,Pimlico
stream,Hillingdon
streams,Hillingdon
streetcar,Hillingdon
strenuous,Balham
strobe,Vauxhall
stroller,Bank
strongbox,Maida Vale
struggled,Bank
struggling,Oakwood
stupidly,Bank
sturgeon,Balham
subbasement,Woodford
subconsciously,Edgware
sublimating,Woodford
subservient,Oakwood
substance,Woodford
substances,Woodford
substantial,Woodford
substantially,Woodford
substantiate,Woodford
substantive,Woodford
subterranean,Pimlico
succession,Balham
suicidal,Kenton
suitable,Woodford
summoned,Archway
summoning,Archway
sundae,Pimlico
sundaes,Pimlico
sunglasses,Woodford
sunstroke,Balham
supercollider,Bank
superfluous,Bank
superhero,Bank
superheroes,Bank
supermarket,Hillingdon
supermarkets,Hillingdon
supermodel,Bank
superstar,Hillingdon
superstars,Hillingdon
superstition,Balham
supervision,Balham
supporting,Balham
suppression,Balham
supremacy,Hillingdon
surface,Hillingdon
surfaces,Hillingdon
surgeon,Balham
surgeons,Balham
surprisingly,Oakwood
surrounded,Balham
sustenance,Woodford
swapping,Croxley
swatches,Kilburn
swatting,Croxley
swaying,Temple
sweatpants,Borough
sweatshop,Kilburn
sweatshops,Kilburn
sweetbreads,Pimlico
sweetheart,Pimlico
sweethearts,Pimlico
swelling,Moor Park
swerving,Balham
swilling,Moor Park
switcheroo,Bank
symbiote,Vauxhall
sympathetic,Woodford
sympathies,Woodford
sympathize,Woodford
symptomatic,Debden
syndicate,Borough
syndicated,Borough
syndrome,Vauxhall
tabloid,Upney
tabloids,Upney
tackled,Borough
tadpole,Kingsbury
tainted,Borough
takedown,Ruislip
talented,Borough
tangible,Woodford
tankers,Pimlico
tantrums,Chigwell
targeted,Pimlico
targets,Pimlico
tarred,Pimlico
tasteful,Richmond
tattered,Pimlico
taunted,Pimlico
taxpayers,Hillingdon
teaching,Woodford
teaming,Woodford
teamsters,Hillingdon
teasing,Woodford
technical,Woodford
technicalities,Woodford
technicality,Woodford
technically,Woodford
technician,Woodford
technicians,Woodford
teenagers,Pimlico
teenybopper,Vauxhall
telepathic,Woodford
telepathically,Woodford
teleport,Bank
telescopic,Bank
television,Archway
temperament,Dollis Hill
temperatures,Hillingdon
tequila,Woodford
terrible,Oakwood
terribly,Oakwood
testimony,Vauxhall
thankful,Redbridge
thankfully,Redbridge
thankless,Woodford
thawing,Croxley
theater,Pimlico
theaters,Pimlico
theatre,Pimlico
theatres,Pimlico
theorem,Bank
theories,Bank
theory,Bank
thereafter,Pimlico
therefore,Bank
thereof,Bank
thermometer,Bank
thermos,Bank
thesaurus,Pimlico
thespian,Woodford
thicker,Oval
thinkers,Oval
thorn,Maida Vale
thorns,Maida Vale
thorpe,Bank
thread,Pimlico
threads,Pimlico
thready,Pimlico
threat,Pimlico
threaten,Pimlico
threatened,Pimlico
threatens,Pimlico
threats,Pimlico
threesome,Bank
threshold,Bank
thrilled,Bank
thrilling,Oakwood
thriving,Oakwood
throttle,Bank
thrower,Bank
throwers,Bank
thrown,Maida Vale
thunderbird,Oval
thundering,Oval
tightrope,Bank
tiramisu,Debden
toasted,Kilburn
toddler,Bank
toddlers,Bank
together,Bank
toller,Bank
tomatoes,Kilburn
tomfoolery,Bank
toothpaste,Kilburn
torched,Bank
torches,Bank
torment,Vauxhall
tormented,Vauxhall
tormenting,Vauxhall
tornado,Chigwell
totaled,Kingsbury
totalled,Kingsbury
toughen,Blackfriars
tougher,Bank
toxoplasmosis,Debden
traces,Hillingdon
trackers,Hillingdon
trade,Pimlico
traded,Pimlico
trader,Pimlico
trades,Pimlico
tragedy,Pimlico
tragically,Debden
trance,Dollis Hill
transfer,Pimlico
transferred,Pimlico
transfers,Pimlico
transform,Chigwell
transport,Chigwell
transports,Chigwell
trashed,Pimlico
trashes,Pimlico
traumatic,Debden
tread,Pimlico
treads,Pimlico
treasured,Pimlico
treated,Pimlico
treatment,Dollis Hill
tremble,Oakwood
trembling,Oakwood
trespass,Hillingdon
trespasser,Hillingdon
trespassers,Hillingdon
triad,Upney
tribal,Upney
trifled,Bank
trigonometry,Vauxhall
trillion,Chesham
tripled,Bank
trolling,Chesham
trombone,Vauxhall
trophies,Bank
tropical,Debden
troubling,Chesham
truckload,Epping
tumbler,Oakwood
turbulence,Oakwood
turbulent,Oakwood
turnaround,Chigwell
twinkle,Borough
ulterior,Bank
ultimate,Woodford
ultimately,Woodford
umbrella,St John's Wood
unable,Woodford
unacceptable,Woodford
unanswered,Pimlico
unappealing,Woodford
unattainable,Woodford
unattended,Pimlico
unavailable,Woodford
unbeatable,Woodford
unbelievable,Woodford
unbelievably,Woodford
uncaring,Temple
uncivilized,Moor Park
unconcerned,Balham
unconsciously,Edgware
unconsciousness,Balham
uncover,Balham
uncovered,Balham
uncovering,Balham
undead,Pimlico
underage,Pimlico
undercover,Balham
underdog,Balham
undergo,Balham
undergoing,Balham
undergone,Balham
undergrad,Pimlico
undergraduate,Pimlico
underground,Balham
underhanded,Pimlico
undermine,Oval
undermined,Oval
undermines,Oval
undermining,Oval
underneath,Pimlico
undershirt,Oval
understand,Pimlico
understands,Pimlico
understood,Balham
undertake,Pimlico
undertaken,Pimlico
undertow,Balham
underwater,Pimlico
underway,Pimlico
underwear,Pimlico
undeserving,Balham
undiscovered,Balham
undoubtedly,Chiswick Park
unearth,Pimlico
unearthed,Pimlico
unethical,Woodford
unforeseen,Balham
unguarded,Pimlico
unhappiness,Woodford
unhealthy,Woodford
unheard,Pimlico
uniforms,Aldgate
unimaginative,Woodford
unimpressed,Oval
uninvolved,Archway
unleash,Woodford
unlikable,Woodford
unlimited,Archway
unload,White City
unmistakable,Woodford
unpleasant,Woodford
unpleasantness,Woodford
unpopular,White City
unprotected,Balham
unprovoked,Balham
unquenchable,Woodford
unresponsive,Balham
unsafe,Pimlico
unscheduled,Moor Park
unscrupulous,Highgate
unseal,Woodford
unshakable,Woodford
unsolved,Archway
unspeakable,Woodford
unspeakably,Woodford
unspoiled,Archway
unstable,Woodford
unsuitable,Woodford
unsupervised,Balham
untangle,Woodford
untenable,Woodford
unthinkable,Woodford
untreated,Pimlico
untrustworthy,Maida Vale
unwanted,Pimlico
unwarranted,Pimlico
unwashed,Pimlico
unwieldy,Moor Park
unworthy,Maida Vale
unwrap,Dollis Hill
update,Holborn
updated,Holborn
updates,Holborn
upgrading,Stockwell
upholstery,Bank
upstaged,Holborn
upstairs,Debden
uranium,Stockwell
urethra,Pimlico
urgently,Oakwood
utopia,Debden
vacation,Shepherd's Bush
vacationing,Shepherd's Bush
vaccinated,Borough
vaccination,Shepherd's Bush
valued,Brixton
vamoose,Kilburn
vampires,Loughton
vandalism,Borough
vandalized,Borough
vanishes,Woodford
variable,St John's Wood
varied,Loughton
varies,Loughton
varnish,Temple
varsity,Debden
vasectomy,Kilburn
velocity,Bank
vendors,Balham
venomous,Archway
ventilated,Borough
ventricle,Oakwood
veranda,Pimlico
verbal,St John's Wood
verbally,St John's Wood
vermouth,Bank
version,Balham
versions,Balham
veterans,Pimlico
vibrator,Upney
vicariously,Debden
viciousness,Balham
vigilante,Woodford
vindicated,Borough
vintage,Woodford
violating,Shepherd's Bush
violation,Shepherd's Bush
violent,Archway
virtual,Debden
virtually,Debden
virulent,Oakwood
visualizing,Woodford
vocabulary,Epping
vocation,Shepherd's Bush
vocational,Shepherd's Bush
volcanic,Shepherd's Bush
wagons,Temple
waistband,Croxley
waiver,Loughton
walking,Shepherd's Bush
wallowing,Shepherd's Bush
walnut,Redbridge
waltzing,Shepherd's Bush
wander,Pimlico
wandered,Pimlico
wanderer,Pimlico
warden,Pimlico
warfarin,Temple
warhead,Pimlico
warheads,Pimlico
warmed,Loughton
warmest,Hillingdon
warned,Pimlico
warning,Temple
warnings,Temple
warped,Loughton
warranted,Pimlico
warrants,Pimlico
warring,Temple
washer,Pimlico
wasteful,Richmond
wasting,Croxley
watches,Kilburn
waterbed,Pimlico
watered,Pimlico
wavelength,Oxford Circus
wealthy,Oxford Circus
weather,Pimlico
weathered,Pimlico
weathers,Pimlico
weirdly,Bank
welder,Bank
welding,Moor Park
werewolf,Bank
werewolves,Bank
westbound,Chalk Farm
westward,Pimlico
wetlands,Borough
whales,Brixton
wharves,Pimlico
whatever,Pimlico
whereas,Pimlico
whimpering,Oval
whirling,Eastcote
whirlwind,Eastcote
whisked,Oval
whisker,Oval
whiskey,Oval
whispering,Oval
whistler,Bank
whistling,Moor Park
whittling,Moor Park
whodunit,Elm Park
whopper,Bank
whores,Bank
wielding,Moor Park
wilder,Bank
wildfire,Bank
willingness,Moor Park
willpower,Bank
windfall,Borough
windmills,Borough
windshield,Moor Park
windward,Temple
wireless,Bank
wisecracks,Loughton
withdraw,Upney
withdrawal,Upney
withdrawals,Upney
withdraws,Upney
withering,Oval
withstand,Croxley
withstanding,Croxley
womanhood,Ruislip
womanizing,Shepherd's Bush
worldwide,Bank
wormhole,Bank
worshiped,Bank
worshipped,Bank
worshippers,Bank
worthless,Bank
worthwhile,Bank
wracked,Loughton
wracking,Temple
wrapped,Loughton
wreaths,Pimlico
wreckage,Dollis Hill
wrestle,Bank
wrestler,Bank
wriggle,Bank
writhing,Oval
wuthering,Oval
yearned,Pimlico
yearns,Pimlico
yesterday,Pimlico
yesterdays,Pimlico
yokel,Barbican
yokels,Barbican
younger,Balham
youngster,Balham
youngsters,Balham
yourself,Bank
yourselves,Bank
zander,Pimlico
zinfandel,Borough